Time, EyeTrackingEnabled, EyeCalibrationValid, EyeTrackingEnabledAndValid, EyeTrackingDataValid, EyeGazeOrigin.x, EyeGazeOrigin.y, EyeGazeOrigin.z, EyeGazeDirection.x, EyeGazeDirection.y, EyeGazeDirection.z, EyeHitInfo.point.x, EyeHitInfo.point.y, EyeHitInfo.point.z, EyeHitPosition.x, EyeHitPosition.y, EyeHitPosition.z, EyeHitNormal.x, EyeHitNormal.y, EyeHitNormal.z, HeadGazeOrigin.x, HeadGazeOrigin.y, HeadGazeOrigin.z, HeadGazeDirection.x, HeadGazeDirection.y, HeadGazeDirection.z, transform.position.x, transform.position.y, transform.position.z
110054, True, True, True, True, 0.04625095, 0.06025208, 0.1, 0.3683089, 0.4798037, 0.7963272, 0, 0, 0, 0, 0, 0, 0, 0, 0, 0, 0, 0, 0, 0, 0, 0, 0, 0
110054, True, True, True, True, 0.04593631, 0.06025208, 0.1, 0.3661402, 0.4802455, 0.7970605, 0, 0, 0, 0, 0, 0, 0, 0, 0, 0, 0, 0, 0, 0, 0, 0, 0, 0
110056, True, True, True, True, 0.01258529, 0.005820697, 0.1, 0.1246602, 0.05765534, 0.990523, 0, 0, 0, 0, 0, 0, 0, 0, 0, 0, 0, 0, 0, 0, 0, 0, 0, 0
110056, True, True, True, True, -0.0622972, -0.008652389, 0.1, -0.5273404, -0.07324173, 0.8464915, 0, 0, 0, 0, 0, 0, 0, 0, 0, 0, 0, 0, 0, 0, 0, 0, 0, 0
110056, True, True, True, True, -0.06449962, 0.0007865793, 0.1, -0.542017, 0.006609953, 0.8403414, 0, 0, 0, 0, 0, 0, 0, 0, 0, 0, 0, 0, 0, 0, 0, 0, 0, 0
110056, True, True, True, True, -0.06355573, 0.006764592, 0.1, -0.535519, 0.05699828, 0.8425975, 0, 0, 0, 0, 0, 0, 0, 0, 0, 0, 0, 0, 0, 0, 0, 0, 0, 0
110056, True, True, True, True, -0.06355573, 0.007708492, 0.1, -0.5352595, 0.06492008, 0.8421892, 0, 0, 0, 0, 0, 0, 0, 0, 0, 0, 0, 0, 0, 0, 0, 0, 0, 0
110056, True, True, True, True, -0.06355573, 0.007708492, 0.1, -0.5352595, 0.06492008, 0.8421892, 0, 0, 0, 0, 0, 0, 0, 0, 0, 0, 0, 0, 0, 0, 0, 0, 0, 0
110056, True, True, True, True, -0.06261183, 0.008652386, 0.1, -0.5292591, 0.07313879, 0.845302, 0, 0, 0, 0, 0, 0, 0, 0, 0, 0, 0, 0, 0, 0, 0, 0, 0, 0
110056, True, True, True, True, -0.0622972, 0.008967021, 0.1, -0.5272357, 0.07589, 0.8463233, 0, 0, 0, 0, 0, 0, 0, 0, 0, 0, 0, 0, 0, 0, 0, 0, 0, 0
110056, True, True, True, True, -0.0622972, 0.008967021, 0.1, -0.5272357, 0.07589, 0.8463233, 0, 0, 0, 0, 0, 0, 0, 0, 0, 0, 0, 0, 0, 0, 0, 0, 0, 0
110056, True, True, True, True, -0.06072404, 0.01022555, 0.1, -0.5170678, 0.08707099, 0.8515042, 0, 0, 0, 0, 0, 0, 0, 0, 0, 0, 0, 0, 0, 0, 0, 0, 0, 0
110056, True, True, True, True, -0.05978014, 0.01022555, 0.1, -0.5111426, 0.08743227, 0.8550373, 0, 0, 0, 0, 0, 0, 0, 0, 0, 0, 0, 0, 0, 0, 0, 0, 0, 0
110056, True, True, True, True, -0.05978014, 0.01022555, 0.1, -0.5111426, 0.08743227, 0.8550373, 0, 0, 0, 0, 0, 0, 0, 0, 0, 0, 0, 0, 0, 0, 0, 0, 0, 0
110056, True, True, True, True, -0.05820698, 0.01116944, 0.1, -0.5007284, 0.09608569, 0.8602549, 0, 0, 0, 0, 0, 0, 0, 0, 0, 0, 0, 0, 0, 0, 0, 0, 0, 0
110056, True, True, True, True, -0.05568993, 0.01179871, 0.1, -0.4839752, 0.1025371, 0.8690535, 0, 0, 0, 0, 0, 0, 0, 0, 0, 0, 0, 0, 0, 0, 0, 0, 0, 0
110056, True, True, True, True, -0.05568993, 0.01179871, 0.1, -0.4839752, 0.1025371, 0.8690535, 0, 0, 0, 0, 0, 0, 0, 0, 0, 0, 0, 0, 0, 0, 0, 0, 0, 0
110056, True, True, True, True, -0.05348749, 0.01211334, 0.1, -0.4689785, 0.1062098, 0.8768002, 0, 0, 0, 0, 0, 0, 0, 0, 0, 0, 0, 0, 0, 0, 0, 0, 0, 0
110056, True, True, True, True, -0.05097044, 0.01274261, 0.1, -0.4512185, 0.1128046, 0.8852553, 0, 0, 0, 0, 0, 0, 0, 0, 0, 0, 0, 0, 0, 0, 0, 0, 0, 0
110056, True, True, True, True, -0.05097044, 0.01274261, 0.1, -0.4512185, 0.1128046, 0.8852553, 0, 0, 0, 0, 0, 0, 0, 0, 0, 0, 0, 0, 0, 0, 0, 0, 0, 0
110056, True, True, True, True, -0.04845338, 0.01274261, 0.1, -0.4332052, 0.1139273, 0.894066, 0, 0, 0, 0, 0, 0, 0, 0, 0, 0, 0, 0, 0, 0, 0, 0, 0, 0
110056, True, True, True, True, -0.04845338, 0.01274261, 0.1, -0.4332052, 0.1139273, 0.894066, 0, 0, 0, 0, 0, 0, 0, 0, 0, 0, 0, 0, 0, 0, 0, 0, 0, 0
110056, True, True, True, True, -0.04562168, 0.01274261, 0.1, -0.4123014, 0.1151601, 0.9037398, 0, 0, 0, 0, 0, 0, 0, 0, 0, 0, 0, 0, 0, 0, 0, 0, 0, 0
110056, True, True, True, True, -0.04436316, 0.01274261, 0.1, -0.4027947, 0.1156964, 0.9079487, 0, 0, 0, 0, 0, 0, 0, 0, 0, 0, 0, 0, 0, 0, 0, 0, 0, 0
110056, True, True, True, True, -0.04436316, 0.01274261, 0.1, -0.4027947, 0.1156964, 0.9079487, 0, 0, 0, 0, 0, 0, 0, 0, 0, 0, 0, 0, 0, 0, 0, 0, 0, 0
110056, True, True, True, True, -0.04279, 0.01274261, 0.1, -0.3907256, 0.1163558, 0.9131237, 0, 0, 0, 0, 0, 0, 0, 0, 0, 0, 0, 0, 0, 0, 0, 0, 0, 0
110056, True, True, True, True, -0.04279, 0.01274261, 0.1, -0.3907256, 0.1163558, 0.9131237, 0, 0, 0, 0, 0, 0, 0, 0, 0, 0, 0, 0, 0, 0, 0, 0, 0, 0
110056, True, True, True, True, -0.04121684, 0.01242797, 0.1, -0.3785779, 0.1141513, 0.9185033, 0, 0, 0, 0, 0, 0, 0, 0, 0, 0, 0, 0, 0, 0, 0, 0, 0, 0
110056, True, True, True, True, -0.04027294, 0.01242797, 0.1, -0.3711143, 0.1145235, 0.921498, 0, 0, 0, 0, 0, 0, 0, 0, 0, 0, 0, 0, 0, 0, 0, 0, 0, 0
110056, True, True, True, True, -0.04027294, 0.01242797, 0.1, -0.3711143, 0.1145235, 0.921498, 0, 0, 0, 0, 0, 0, 0, 0, 0, 0, 0, 0, 0, 0, 0, 0, 0, 0
110056, True, True, True, True, -0.03995831, 0.01179871, 0.1, -0.3688496, 0.1089123, 0.9230862, 0, 0, 0, 0, 0, 0, 0, 0, 0, 0, 0, 0, 0, 0, 0, 0, 0, 0
110056, True, True, True, True, -0.03995831, 0.01179871, 0.1, -0.3688496, 0.1089123, 0.9230862, 0, 0, 0, 0, 0, 0, 0, 0, 0, 0, 0, 0, 0, 0, 0, 0, 0, 0
110056, True, True, True, True, -0.03932904, 0.01116944, 0.1, -0.3640403, 0.1033874, 0.9256272, 0, 0, 0, 0, 0, 0, 0, 0, 0, 0, 0, 0, 0, 0, 0, 0, 0, 0
110056, True, True, True, True, -0.03807051, 0.01022555, 0.1, -0.3541799, 0.09513097, 0.9303262, 0, 0, 0, 0, 0, 0, 0, 0, 0, 0, 0, 0, 0, 0, 0, 0, 0, 0
110056, True, True, True, True, -0.03807051, 0.01022555, 0.1, -0.3541799, 0.09513097, 0.9303262, 0, 0, 0, 0, 0, 0, 0, 0, 0, 0, 0, 0, 0, 0, 0, 0, 0, 0
110056, True, True, True, True, -0.03712662, 0.008967021, 0.1, -0.3468294, 0.08376811, 0.93418, 0, 0, 0, 0, 0, 0, 0, 0, 0, 0, 0, 0, 0, 0, 0, 0, 0, 0
110056, True, True, True, True, -0.03555345, 0.007079227, 0.1, -0.3342493, 0.06655406, 0.9401318, 0, 0, 0, 0, 0, 0, 0, 0, 0, 0, 0, 0, 0, 0, 0, 0, 0, 0
110056, True, True, True, True, -0.03555345, 0.007079227, 0.1, -0.3342493, 0.06655406, 0.9401318, 0, 0, 0, 0, 0, 0, 0, 0, 0, 0, 0, 0, 0, 0, 0, 0, 0, 0
110057, True, True, True, True, -0.03335103, 0.004247539, 0.1, -0.3161223, 0.04026088, 0.9478638, 0, 0, 0, 0, 0, 0, 0, 0, 0, 0, 0, 0, 0, 0, 0, 0, 0, 0
110057, True, True, True, True, -0.03335103, 0.004247539, 0.1, -0.3161223, 0.04026088, 0.9478638, 0, 0, 0, 0, 0, 0, 0, 0, 0, 0, 0, 0, 0, 0, 0, 0, 0, 0
110057, True, True, True, True, -0.03146323, 0.002674374, 0.1, -0.3000299, 0.02550253, 0.9535888, 0, 0, 0, 0, 0, 0, 0, 0, 0, 0, 0, 0, 0, 0, 0, 0, 0, 0
110057, True, True, True, True, -0.02926081, 0.0004719503, 0.1, -0.2808297, 0.004529529, 0.959747, 0, 0, 0, 0, 0, 0, 0, 0, 0, 0, 0, 0, 0, 0, 0, 0, 0, 0
110057, True, True, True, True, -0.02926081, 0.0004719503, 0.1, -0.2808297, 0.004529529, 0.959747, 0, 0, 0, 0, 0, 0, 0, 0, 0, 0, 0, 0, 0, 0, 0, 0, 0, 0
110057, True, True, True, True, -0.02800228, -0.001415844, 0.1, -0.2696252, -0.01363272, 0.9628689, 0, 0, 0, 0, 0, 0, 0, 0, 0, 0, 0, 0, 0, 0, 0, 0, 0, 0
110057, True, True, True, True, -0.02611448, -0.003618271, 0.1, -0.2525165, -0.03498722, 0.9669598, 0, 0, 0, 0, 0, 0, 0, 0, 0, 0, 0, 0, 0, 0, 0, 0, 0, 0
110057, True, True, True, True, -0.02611448, -0.003618271, 0.1, -0.2525165, -0.03498722, 0.9669598, 0, 0, 0, 0, 0, 0, 0, 0, 0, 0, 0, 0, 0, 0, 0, 0, 0, 0
110057, True, True, True, True, -0.02454132, -0.0048768, 0.1, -0.2380739, -0.04730955, 0.9700941, 0, 0, 0, 0, 0, 0, 0, 0, 0, 0, 0, 0, 0, 0, 0, 0, 0, 0
110057, True, True, True, True, -0.02454132, -0.0048768, 0.1, -0.2380739, -0.04730955, 0.9700941, 0, 0, 0, 0, 0, 0, 0, 0, 0, 0, 0, 0, 0, 0, 0, 0, 0, 0
110057, True, True, True, True, -0.02296816, -0.006449963, 0.1, -0.2234119, -0.06273898, 0.9727029, 0, 0, 0, 0, 0, 0, 0, 0, 0, 0, 0, 0, 0, 0, 0, 0, 0, 0
110057, True, True, True, True, -0.02076573, -0.008967021, 0.1, -0.2025407, -0.08746079, 0.9753604, 0, 0, 0, 0, 0, 0, 0, 0, 0, 0, 0, 0, 0, 0, 0, 0, 0, 0
110057, True, True, True, True, -0.02076573, -0.008967021, 0.1, -0.2025407, -0.08746079, 0.9753604, 0, 0, 0, 0, 0, 0, 0, 0, 0, 0, 0, 0, 0, 0, 0, 0, 0, 0
110057, True, True, True, True, -0.01919257, -0.01085481, 0.1, -0.1874237, -0.1060019, 0.9765428, 0, 0, 0, 0, 0, 0, 0, 0, 0, 0, 0, 0, 0, 0, 0, 0, 0, 0
110057, True, True, True, True, -0.01919257, -0.01085481, 0.1, -0.1874237, -0.1060019, 0.9765428, 0, 0, 0, 0, 0, 0, 0, 0, 0, 0, 0, 0, 0, 0, 0, 0, 0, 0
110057, True, True, True, True, -0.01699014, -0.01242797, 0.1, -0.1662578, -0.1216144, 0.9785541, 0, 0, 0, 0, 0, 0, 0, 0, 0, 0, 0, 0, 0, 0, 0, 0, 0, 0
110057, True, True, True, True, -0.01478772, -0.01400114, 0.1, -0.1449031, -0.1371955, 0.9798881, 0, 0, 0, 0, 0, 0, 0, 0, 0, 0, 0, 0, 0, 0, 0, 0, 0, 0
110057, True, True, True, True, -0.01478772, -0.01400114, 0.1, -0.1449031, -0.1371955, 0.9798881, 0, 0, 0, 0, 0, 0, 0, 0, 0, 0, 0, 0, 0, 0, 0, 0, 0, 0
110057, True, True, True, True, -0.01258529, -0.01588893, 0.1, -0.1233446, -0.1557226, 0.9800696, 0, 0, 0, 0, 0, 0, 0, 0, 0, 0, 0, 0, 0, 0, 0, 0, 0, 0
110057, True, True, True, True, -0.01258529, -0.01588893, 0.1, -0.1233446, -0.1557226, 0.9800696, 0, 0, 0, 0, 0, 0, 0, 0, 0, 0, 0, 0, 0, 0, 0, 0, 0, 0
110057, True, True, True, True, -0.0106975, -0.01714746, 0.1, -0.1048549, -0.1680762, 0.9801815, 0, 0, 0, 0, 0, 0, 0, 0, 0, 0, 0, 0, 0, 0, 0, 0, 0, 0
110057, True, True, True, True, -0.00786581, -0.01903525, 0.1, -0.07704099, -0.1864391, 0.9794413, 0, 0, 0, 0, 0, 0, 0, 0, 0, 0, 0, 0, 0, 0, 0, 0, 0, 0
110057, True, True, True, True, -0.00786581, -0.01903525, 0.1, -0.07704099, -0.1864391, 0.9794413, 0, 0, 0, 0, 0, 0, 0, 0, 0, 0, 0, 0, 0, 0, 0, 0, 0, 0
110057, True, True, True, True, -0.005348749, -0.02029378, 0.1, -0.05234711, -0.1986111, 0.9786795, 0, 0, 0, 0, 0, 0, 0, 0, 0, 0, 0, 0, 0, 0, 0, 0, 0, 0
110057, True, True, True, True, -0.002831689, -0.02186694, 0.1, -0.02765266, -0.2135401, 0.9765428, 0, 0, 0, 0, 0, 0, 0, 0, 0, 0, 0, 0, 0, 0, 0, 0, 0, 0
110057, True, True, True, True, -0.002831689, -0.02186694, 0.1, -0.02765266, -0.2135401, 0.9765428, 0, 0, 0, 0, 0, 0, 0, 0, 0, 0, 0, 0, 0, 0, 0, 0, 0, 0
110057, True, True, True, True, 0, -0.02312547, 0.1, 0, -0.2253086, 0.9742874, 0, 0, 0, 0, 0, 0, 0, 0, 0, 0, 0, 0, 0, 0, 0, 0, 0, 0
110057, True, True, True, True, 0, -0.02312547, 0.1, 0, -0.2253086, 0.9742874, 0, 0, 0, 0, 0, 0, 0, 0, 0, 0, 0, 0, 0, 0, 0, 0, 0, 0
110057, True, True, True, True, 0.002831689, -0.02406937, 0.1, 0.02752022, -0.233922, 0.9718658, 0, 0, 0, 0, 0, 0, 0, 0, 0, 0, 0, 0, 0, 0, 0, 0, 0, 0
110057, True, True, True, True, 0.005978008, -0.0253279, 0.1, 0.05785315, -0.2451149, 0.9677664, 0, 0, 0, 0, 0, 0, 0, 0, 0, 0, 0, 0, 0, 0, 0, 0, 0, 0
110057, True, True, True, True, 0.005978008, -0.0253279, 0.1, 0.05785315, -0.2451149, 0.9677664, 0, 0, 0, 0, 0, 0, 0, 0, 0, 0, 0, 0, 0, 0, 0, 0, 0, 0
110057, True, True, True, True, 0.00880971, -0.02564253, 0.1, 0.08502713, -0.2474895, 0.9651524, 0, 0, 0, 0, 0, 0, 0, 0, 0, 0, 0, 0, 0, 0, 0, 0, 0, 0
110057, True, True, True, True, 0.01132676, -0.02595717, 0.1, 0.1089813, -0.249749, 0.9621583, 0, 0, 0, 0, 0, 0, 0, 0, 0, 0, 0, 0, 0, 0, 0, 0, 0, 0
110057, True, True, True, True, 0.01132676, -0.02595717, 0.1, 0.1089813, -0.249749, 0.9621583, 0, 0, 0, 0, 0, 0, 0, 0, 0, 0, 0, 0, 0, 0, 0, 0, 0, 0
110057, True, True, True, True, 0.01478772, -0.02595717, 0.1, 0.1416897, -0.2487107, 0.9581581, 0, 0, 0, 0, 0, 0, 0, 0, 0, 0, 0, 0, 0, 0, 0, 0, 0, 0
110057, True, True, True, True, 0.01824868, -0.02595717, 0.1, 0.1739406, -0.2474155, 0.9531685, 0, 0, 0, 0, 0, 0, 0, 0, 0, 0, 0, 0, 0, 0, 0, 0, 0, 0
110057, True, True, True, True, 0.01824868, -0.02595717, 0.1, 0.1739406, -0.2474155, 0.9531685, 0, 0, 0, 0, 0, 0, 0, 0, 0, 0, 0, 0, 0, 0, 0, 0, 0, 0
110057, True, True, True, True, 0.021395, -0.02595717, 0.1, 0.2027846, -0.2460254, 0.9478132, 0, 0, 0, 0, 0, 0, 0, 0, 0, 0, 0, 0, 0, 0, 0, 0, 0, 0
110057, True, True, True, True, 0.021395, -0.02595717, 0.1, 0.2027846, -0.2460254, 0.9478132, 0, 0, 0, 0, 0, 0, 0, 0, 0, 0, 0, 0, 0, 0, 0, 0, 0, 0
110057, True, True, True, True, 0.02391206, -0.02595717, 0.1, 0.2254895, -0.2447748, 0.9429951, 0, 0, 0, 0, 0, 0, 0, 0, 0, 0, 0, 0, 0, 0, 0, 0, 0, 0
110057, True, True, True, True, 0.02642912, -0.02595717, 0.1, 0.2478329, -0.2434073, 0.9377269, 0, 0, 0, 0, 0, 0, 0, 0, 0, 0, 0, 0, 0, 0, 0, 0, 0, 0
110057, True, True, True, True, 0.02642912, -0.02595717, 0.1, 0.2478329, -0.2434073, 0.9377269, 0, 0, 0, 0, 0, 0, 0, 0, 0, 0, 0, 0, 0, 0, 0, 0, 0, 0
110057, True, True, True, True, 0.02831691, -0.0253279, 0.1, 0.2647093, -0.2367678, 0.9348102, 0, 0, 0, 0, 0, 0, 0, 0, 0, 0, 0, 0, 0, 0, 0, 0, 0, 0
110057, True, True, True, True, 0.02831691, -0.0253279, 0.1, 0.2647093, -0.2367678, 0.9348102, 0, 0, 0, 0, 0, 0, 0, 0, 0, 0, 0, 0, 0, 0, 0, 0, 0, 0
110057, True, True, True, True, 0.03020471, -0.02501327, 0.1, 0.2811963, -0.2328656, 0.9309685, 0, 0, 0, 0, 0, 0, 0, 0, 0, 0, 0, 0, 0, 0, 0, 0, 0, 0
110057, True, True, True, True, 0.03146324, -0.024384, 0.1, 0.292324, -0.226551, 0.9290971, 0, 0, 0, 0, 0, 0, 0, 0, 0, 0, 0, 0, 0, 0, 0, 0, 0, 0
110057, True, True, True, True, 0.03146324, -0.024384, 0.1, 0.292324, -0.226551, 0.9290971, 0, 0, 0, 0, 0, 0, 0, 0, 0, 0, 0, 0, 0, 0, 0, 0, 0, 0
110057, True, True, True, True, 0.03272175, -0.02375474, 0.1, 0.3033565, -0.2202252, 0.9270791, 0, 0, 0, 0, 0, 0, 0, 0, 0, 0, 0, 0, 0, 0, 0, 0, 0, 0
110057, True, True, True, True, 0.03272175, -0.02375474, 0.1, 0.3033565, -0.2202252, 0.9270791, 0, 0, 0, 0, 0, 0, 0, 0, 0, 0, 0, 0, 0, 0, 0, 0, 0, 0
110057, True, True, True, True, 0.03366566, -0.0234401, 0.1, 0.3114679, -0.2168632, 0.9251801, 0, 0, 0, 0, 0, 0, 0, 0, 0, 0, 0, 0, 0, 0, 0, 0, 0, 0
110057, True, True, True, True, 0.03429493, -0.02281084, 0.1, 0.3171045, -0.210918, 0.9246396, 0, 0, 0, 0, 0, 0, 0, 0, 0, 0, 0, 0, 0, 0, 0, 0, 0, 0
110057, True, True, True, True, 0.03429493, -0.02281084, 0.1, 0.3171045, -0.210918, 0.9246396, 0, 0, 0, 0, 0, 0, 0, 0, 0, 0, 0, 0, 0, 0, 0, 0, 0, 0
110057, True, True, True, True, 0.03523881, -0.02218157, 0.1, 0.3253134, -0.2047732, 0.923168, 0, 0, 0, 0, 0, 0, 0, 0, 0, 0, 0, 0, 0, 0, 0, 0, 0, 0
110057, True, True, True, True, 0.03681199, -0.02123768, 0.1, 0.3387933, -0.1954576, 0.9203343, 0, 0, 0, 0, 0, 0, 0, 0, 0, 0, 0, 0, 0, 0, 0, 0, 0, 0
110057, True, True, True, True, 0.03681199, -0.02123768, 0.1, 0.3387933, -0.1954576, 0.9203343, 0, 0, 0, 0, 0, 0, 0, 0, 0, 0, 0, 0, 0, 0, 0, 0, 0, 0
110057, True, True, True, True, 0.03869978, -0.01997915, 0.1, 0.3548073, -0.1831729, 0.9168202, 0, 0, 0, 0, 0, 0, 0, 0, 0, 0, 0, 0, 0, 0, 0, 0, 0, 0
110057, True, True, True, True, 0.03869978, -0.01997915, 0.1, 0.3548073, -0.1831729, 0.9168202, 0, 0, 0, 0, 0, 0, 0, 0, 0, 0, 0, 0, 0, 0, 0, 0, 0, 0
110057, True, True, True, True, 0.04027294, -0.01777672, 0.1, 0.3685946, -0.1626999, 0.9152414, 0, 0, 0, 0, 0, 0, 0, 0, 0, 0, 0, 0, 0, 0, 0, 0, 0, 0
110057, True, True, True, True, 0.04121684, -0.01683283, 0.1, 0.3765363, -0.1537763, 0.9135498, 0, 0, 0, 0, 0, 0, 0, 0, 0, 0, 0, 0, 0, 0, 0, 0, 0, 0
110057, True, True, True, True, 0.04121684, -0.01683283, 0.1, 0.3765363, -0.1537763, 0.9135498, 0, 0, 0, 0, 0, 0, 0, 0, 0, 0, 0, 0, 0, 0, 0, 0, 0, 0
110057, True, True, True, True, 0.04341925, -0.0136865, 0.1, 0.3951689, -0.1245641, 0.9101238, 0, 0, 0, 0, 0, 0, 0, 0, 0, 0, 0, 0, 0, 0, 0, 0, 0, 0
110057, True, True, True, True, 0.04467778, -0.01148408, 0.1, 0.4056927, -0.1042802, 0.9080413, 0, 0, 0, 0, 0, 0, 0, 0, 0, 0, 0, 0, 0, 0, 0, 0, 0, 0
110057, True, True, True, True, 0.04467778, -0.01148408, 0.1, 0.4056927, -0.1042802, 0.9080413, 0, 0, 0, 0, 0, 0, 0, 0, 0, 0, 0, 0, 0, 0, 0, 0, 0, 0
110057, True, True, True, True, 0.04593631, -0.008023124, 0.1, 0.4163229, -0.07271394, 0.9063045, 0, 0, 0, 0, 0, 0, 0, 0, 0, 0, 0, 0, 0, 0, 0, 0, 0, 0
110057, True, True, True, True, 0.04593631, -0.008023124, 0.1, 0.4163229, -0.07271394, 0.9063045, 0, 0, 0, 0, 0, 0, 0, 0, 0, 0, 0, 0, 0, 0, 0, 0, 0, 0
110057, True, True, True, True, 0.04656558, -0.0048768, 0.1, 0.4217209, -0.04416671, 0.9056494, 0, 0, 0, 0, 0, 0, 0, 0, 0, 0, 0, 0, 0, 0, 0, 0, 0, 0
110057, True, True, True, True, 0.04688022, -0.003303638, 0.1, 0.4242828, -0.02989912, 0.905036, 0, 0, 0, 0, 0, 0, 0, 0, 0, 0, 0, 0, 0, 0, 0, 0, 0, 0
110057, True, True, True, True, 0.04688022, -0.003303638, 0.1, 0.4242828, -0.02989912, 0.905036, 0, 0, 0, 0, 0, 0, 0, 0, 0, 0, 0, 0, 0, 0, 0, 0, 0, 0
110057, True, True, True, True, 0.04719484, -0.001101212, 0.1, 0.4267827, -0.009958249, 0.9042994, 0, 0, 0, 0, 0, 0, 0, 0, 0, 0, 0, 0, 0, 0, 0, 0, 0, 0
110057, True, True, True, True, 0.04719484, -0.001101212, 0.1, 0.4267827, -0.009958249, 0.9042994, 0, 0, 0, 0, 0, 0, 0, 0, 0, 0, 0, 0, 0, 0, 0, 0, 0, 0
110057, True, True, True, True, 0.04750948, 0.0007865793, 0.1, 0.4291159, 0.007104553, 0.9032215, 0, 0, 0, 0, 0, 0, 0, 0, 0, 0, 0, 0, 0, 0, 0, 0, 0, 0
110057, True, True, True, True, 0.04750948, 0.002359745, 0.1, 0.4290292, 0.02130942, 0.9030392, 0, 0, 0, 0, 0, 0, 0, 0, 0, 0, 0, 0, 0, 0, 0, 0, 0, 0
110057, True, True, True, True, 0.04750948, 0.002359745, 0.1, 0.4290292, 0.02130942, 0.9030392, 0, 0, 0, 0, 0, 0, 0, 0, 0, 0, 0, 0, 0, 0, 0, 0, 0, 0
110057, True, True, True, True, 0.04750948, 0.003618274, 0.1, 0.4288977, 0.03266441, 0.9027623, 0, 0, 0, 0, 0, 0, 0, 0, 0, 0, 0, 0, 0, 0, 0, 0, 0, 0
110057, True, True, True, True, 0.04688022, 0.005506061, 0.1, 0.423946, 0.04979229, 0.9043177, 0, 0, 0, 0, 0, 0, 0, 0, 0, 0, 0, 0, 0, 0, 0, 0, 0, 0
110057, True, True, True, True, 0.04688022, 0.005506061, 0.1, 0.423946, 0.04979229, 0.9043177, 0, 0, 0, 0, 0, 0, 0, 0, 0, 0, 0, 0, 0, 0, 0, 0, 0, 0
110057, True, True, True, True, 0.04625095, 0.007393857, 0.1, 0.4188426, 0.06695779, 0.9055869, 0, 0, 0, 0, 0, 0, 0, 0, 0, 0, 0, 0, 0, 0, 0, 0, 0, 0
110057, True, True, True, True, 0.04625095, 0.007393857, 0.1, 0.4188426, 0.06695779, 0.9055869, 0, 0, 0, 0, 0, 0, 0, 0, 0, 0, 0, 0, 0, 0, 0, 0, 0, 0
110057, True, True, True, True, 0.04562168, 0.008967021, 0.1, 0.4136883, 0.08131118, 0.9067802, 0, 0, 0, 0, 0, 0, 0, 0, 0, 0, 0, 0, 0, 0, 0, 0, 0, 0
110057, True, True, True, True, 0.04562168, 0.009596286, 0.1, 0.4134899, 0.08697546, 0.9063451, 0, 0, 0, 0, 0, 0, 0, 0, 0, 0, 0, 0, 0, 0, 0, 0, 0, 0
110057, True, True, True, True, 0.04562168, 0.009596286, 0.1, 0.4134899, 0.08697546, 0.9063451, 0, 0, 0, 0, 0, 0, 0, 0, 0, 0, 0, 0, 0, 0, 0, 0, 0, 0
110057, True, True, True, True, 0.04436316, 0.01085482, 0.1, 0.4035363, 0.09873762, 0.9096205, 0, 0, 0, 0, 0, 0, 0, 0, 0, 0, 0, 0, 0, 0, 0, 0, 0, 0
110057, True, True, True, True, 0.04436316, 0.01085482, 0.1, 0.4035363, 0.09873762, 0.9096205, 0, 0, 0, 0, 0, 0, 0, 0, 0, 0, 0, 0, 0, 0, 0, 0, 0, 0
110057, True, True, True, True, 0.04373389, 0.01211334, 0.1, 0.3982497, 0.1103066, 0.9106204, 0, 0, 0, 0, 0, 0, 0, 0, 0, 0, 0, 0, 0, 0, 0, 0, 0, 0
110057, True, True, True, True, 0.04310462, 0.01274261, 0.1, 0.3931558, 0.1162249, 0.9120966, 0, 0, 0, 0, 0, 0, 0, 0, 0, 0, 0, 0, 0, 0, 0, 0, 0, 0
110057, True, True, True, True, 0.04310462, 0.01274261, 0.1, 0.3931558, 0.1162249, 0.9120966, 0, 0, 0, 0, 0, 0, 0, 0, 0, 0, 0, 0, 0, 0, 0, 0, 0, 0
110057, True, True, True, True, 0.04247537, 0.0136865, 0.1, 0.387883, 0.1249845, 0.9131953, 0, 0, 0, 0, 0, 0, 0, 0, 0, 0, 0, 0, 0, 0, 0, 0, 0, 0
110057, True, True, True, True, 0.0409022, 0.0146304, 0.1, 0.3751543, 0.1341898, 0.9171981, 0, 0, 0, 0, 0, 0, 0, 0, 0, 0, 0, 0, 0, 0, 0, 0, 0, 0
110057, True, True, True, True, 0.0409022, 0.0146304, 0.1, 0.3751543, 0.1341898, 0.9171981, 0, 0, 0, 0, 0, 0, 0, 0, 0, 0, 0, 0, 0, 0, 0, 0, 0, 0
110057, True, True, True, True, 0.03995831, 0.01525967, 0.1, 0.3673867, 0.1403012, 0.9194251, 0, 0, 0, 0, 0, 0, 0, 0, 0, 0, 0, 0, 0, 0, 0, 0, 0, 0
110057, True, True, True, True, 0.0380705, 0.01620356, 0.1, 0.3517828, 0.1497258, 0.9240298, 0, 0, 0, 0, 0, 0, 0, 0, 0, 0, 0, 0, 0, 0, 0, 0, 0, 0
110057, True, True, True, True, 0.0380705, 0.01620356, 0.1, 0.3517828, 0.1497258, 0.9240298, 0, 0, 0, 0, 0, 0, 0, 0, 0, 0, 0, 0, 0, 0, 0, 0, 0, 0
110057, True, True, True, True, 0.03649734, 0.01651819, 0.1, 0.3387977, 0.1533351, 0.9282804, 0, 0, 0, 0, 0, 0, 0, 0, 0, 0, 0, 0, 0, 0, 0, 0, 0, 0
110057, True, True, True, True, 0.03555346, 0.01651819, 0.1, 0.3310071, 0.1537864, 0.9310123, 0, 0, 0, 0, 0, 0, 0, 0, 0, 0, 0, 0, 0, 0, 0, 0, 0, 0
110057, True, True, True, True, 0.03555346, 0.01651819, 0.1, 0.3310071, 0.1537864, 0.9310123, 0, 0, 0, 0, 0, 0, 0, 0, 0, 0, 0, 0, 0, 0, 0, 0, 0, 0
110057, True, True, True, True, 0.03429493, 0.01651819, 0.1, 0.3205134, 0.1543757, 0.9345797, 0, 0, 0, 0, 0, 0, 0, 0, 0, 0, 0, 0, 0, 0, 0, 0, 0, 0
110057, True, True, True, True, 0.03335103, 0.01651819, 0.1, 0.3125647, 0.1548079, 0.9371967, 0, 0, 0, 0, 0, 0, 0, 0, 0, 0, 0, 0, 0, 0, 0, 0, 0, 0
110057, True, True, True, True, 0.03335103, 0.01651819, 0.1, 0.3125647, 0.1548079, 0.9371967, 0, 0, 0, 0, 0, 0, 0, 0, 0, 0, 0, 0, 0, 0, 0, 0, 0, 0
110057, True, True, True, True, 0.03240713, 0.01651819, 0.1, 0.3045498, 0.1552317, 0.939762, 0, 0, 0, 0, 0, 0, 0, 0, 0, 0, 0, 0, 0, 0, 0, 0, 0, 0
110057, True, True, True, True, 0.03240713, 0.01651819, 0.1, 0.3045498, 0.1552317, 0.939762, 0, 0, 0, 0, 0, 0, 0, 0, 0, 0, 0, 0, 0, 0, 0, 0, 0, 0
110057, True, True, True, True, 0.03114859, 0.01651819, 0.1, 0.2937621, 0.1557829, 0.9430989, 0, 0, 0, 0, 0, 0, 0, 0, 0, 0, 0, 0, 0, 0, 0, 0, 0, 0
110057, True, True, True, True, 0.03020471, 0.01651819, 0.1, 0.2855967, 0.1561856, 0.9455372, 0, 0, 0, 0, 0, 0, 0, 0, 0, 0, 0, 0, 0, 0, 0, 0, 0, 0
110057, True, True, True, True, 0.03020471, 0.01651819, 0.1, 0.2855967, 0.1561856, 0.9455372, 0, 0, 0, 0, 0, 0, 0, 0, 0, 0, 0, 0, 0, 0, 0, 0, 0, 0
110057, True, True, True, True, 0.02926081, 0.01588893, 0.1, 0.2776231, 0.1507523, 0.9487883, 0, 0, 0, 0, 0, 0, 0, 0, 0, 0, 0, 0, 0, 0, 0, 0, 0, 0
110057, True, True, True, True, 0.02926081, 0.01588893, 0.1, 0.2776231, 0.1507523, 0.9487883, 0, 0, 0, 0, 0, 0, 0, 0, 0, 0, 0, 0, 0, 0, 0, 0, 0, 0
110057, True, True, True, True, 0.02737301, 0.01431577, 0.1, 0.2615362, 0.1367804, 0.9554527, 0, 0, 0, 0, 0, 0, 0, 0, 0, 0, 0, 0, 0, 0, 0, 0, 0, 0
110057, True, True, True, True, 0.02548522, 0.01274261, 0.1, 0.245097, 0.1225485, 0.9617221, 0, 0, 0, 0, 0, 0, 0, 0, 0, 0, 0, 0, 0, 0, 0, 0, 0, 0
110057, True, True, True, True, 0.02548522, 0.01274261, 0.1, 0.245097, 0.1225485, 0.9617221, 0, 0, 0, 0, 0, 0, 0, 0, 0, 0, 0, 0, 0, 0, 0, 0, 0, 0
110057, True, True, True, True, 0.02328279, 0.009596286, 0.1, 0.2257787, 0.09305747, 0.9697238, 0, 0, 0, 0, 0, 0, 0, 0, 0, 0, 0, 0, 0, 0, 0, 0, 0, 0
110057, True, True, True, True, 0.02170963, 0.007393857, 0.1, 0.2116027, 0.07206756, 0.9746951, 0, 0, 0, 0, 0, 0, 0, 0, 0, 0, 0, 0, 0, 0, 0, 0, 0, 0
110057, True, True, True, True, 0.02170963, 0.007393857, 0.1, 0.2116027, 0.07206756, 0.9746951, 0, 0, 0, 0, 0, 0, 0, 0, 0, 0, 0, 0, 0, 0, 0, 0, 0, 0
110057, True, True, True, True, 0.01919257, 0.004247539, 0.1, 0.1883218, 0.04167781, 0.9812226, 0, 0, 0, 0, 0, 0, 0, 0, 0, 0, 0, 0, 0, 0, 0, 0, 0, 0
110057, True, True, True, True, 0.01919257, 0.004247539, 0.1, 0.1883218, 0.04167781, 0.9812226, 0, 0, 0, 0, 0, 0, 0, 0, 0, 0, 0, 0, 0, 0, 0, 0, 0, 0
110057, True, True, True, True, 0.01667551, 0.0004719503, 0.1, 0.164482, 0.004655172, 0.9863691, 0, 0, 0, 0, 0, 0, 0, 0, 0, 0, 0, 0, 0, 0, 0, 0, 0, 0
110057, True, True, True, True, 0.01447309, -0.001730477, 0.1, 0.1432174, -0.01712381, 0.9895431, 0, 0, 0, 0, 0, 0, 0, 0, 0, 0, 0, 0, 0, 0, 0, 0, 0, 0
110057, True, True, True, True, 0.01447309, -0.001730477, 0.1, 0.1432174, -0.01712381, 0.9895431, 0, 0, 0, 0, 0, 0, 0, 0, 0, 0, 0, 0, 0, 0, 0, 0, 0, 0
110057, True, True, True, True, 0.0116414, -0.004562168, 0.1, 0.1155145, -0.04526919, 0.9922737, 0, 0, 0, 0, 0, 0, 0, 0, 0, 0, 0, 0, 0, 0, 0, 0, 0, 0
110057, True, True, True, True, 0.009438969, -0.006449963, 0.1, 0.09377885, -0.06408222, 0.9935285, 0, 0, 0, 0, 0, 0, 0, 0, 0, 0, 0, 0, 0, 0, 0, 0, 0, 0
110057, True, True, True, True, 0.009438969, -0.006449963, 0.1, 0.09377885, -0.06408222, 0.9935285, 0, 0, 0, 0, 0, 0, 0, 0, 0, 0, 0, 0, 0, 0, 0, 0, 0, 0
110057, True, True, True, True, 0.006607279, -0.008337757, 0.1, 0.06570205, -0.08290973, 0.9943889, 0, 0, 0, 0, 0, 0, 0, 0, 0, 0, 0, 0, 0, 0, 0, 0, 0, 0
110057, True, True, True, True, 0.006607279, -0.008337757, 0.1, 0.06570205, -0.08290973, 0.9943889, 0, 0, 0, 0, 0, 0, 0, 0, 0, 0, 0, 0, 0, 0, 0, 0, 0, 0
110057, True, True, True, True, 0.004719491, -0.009596286, 0.1, 0.04692733, -0.0954188, 0.9943305, 0, 0, 0, 0, 0, 0, 0, 0, 0, 0, 0, 0, 0, 0, 0, 0, 0, 0
110057, True, True, True, True, 0.00251706, -0.01116944, 0.1, 0.02500722, -0.1109694, 0.9935091, 0, 0, 0, 0, 0, 0, 0, 0, 0, 0, 0, 0, 0, 0, 0, 0, 0, 0
110057, True, True, True, True, 0.00251706, -0.01116944, 0.1, 0.02500722, -0.1109694, 0.9935091, 0, 0, 0, 0, 0, 0, 0, 0, 0, 0, 0, 0, 0, 0, 0, 0, 0, 0
110057, True, True, True, True, 0, -0.01242797, 0.1, 0, -0.1233309, 0.9923657, 0, 0, 0, 0, 0, 0, 0, 0, 0, 0, 0, 0, 0, 0, 0, 0, 0, 0
110057, True, True, True, True, 0, -0.01242797, 0.1, 0, -0.1233309, 0.9923657, 0, 0, 0, 0, 0, 0, 0, 0, 0, 0, 0, 0, 0, 0, 0, 0, 0, 0
110057, True, True, True, True, -0.00125853, -0.01305724, 0.1, -0.0124784, -0.1294633, 0.9915057, 0, 0, 0, 0, 0, 0, 0, 0, 0, 0, 0, 0, 0, 0, 0, 0, 0, 0
110057, True, True, True, True, -0.002831689, -0.01431577, 0.1, -0.02802011, -0.1416573, 0.9895191, 0, 0, 0, 0, 0, 0, 0, 0, 0, 0, 0, 0, 0, 0, 0, 0, 0, 0
110057, True, True, True, True, -0.002831689, -0.01431577, 0.1, -0.02802011, -0.1416573, 0.9895191, 0, 0, 0, 0, 0, 0, 0, 0, 0, 0, 0, 0, 0, 0, 0, 0, 0, 0
110057, True, True, True, True, -0.004719485, -0.01525967, 0.1, -0.04660408, -0.1506865, 0.9874824, 0, 0, 0, 0, 0, 0, 0, 0, 0, 0, 0, 0, 0, 0, 0, 0, 0, 0
110057, True, True, True, True, -0.006607279, -0.01620356, 0.1, -0.06508383, -0.1596103, 0.9850323, 0, 0, 0, 0, 0, 0, 0, 0, 0, 0, 0, 0, 0, 0, 0, 0, 0, 0
110057, True, True, True, True, -0.008809703, -0.01714746, 0.1, -0.08650424, -0.1683744, 0.9819201, 0, 0, 0, 0, 0, 0, 0, 0, 0, 0, 0, 0, 0, 0, 0, 0, 0, 0
110057, True, True, True, True, -0.008809703, -0.01714746, 0.1, -0.08650424, -0.1683744, 0.9819201, 0, 0, 0, 0, 0, 0, 0, 0, 0, 0, 0, 0, 0, 0, 0, 0, 0, 0
110057, True, True, True, True, -0.01101213, -0.01777672, 0.1, -0.1077898, -0.1740035, 0.978828, 0, 0, 0, 0, 0, 0, 0, 0, 0, 0, 0, 0, 0, 0, 0, 0, 0, 0
110057, True, True, True, True, -0.01289992, -0.01840599, 0.1, -0.1258593, -0.1795797, 0.9756591, 0, 0, 0, 0, 0, 0, 0, 0, 0, 0, 0, 0, 0, 0, 0, 0, 0, 0
110057, True, True, True, True, -0.01289992, -0.01840599, 0.1, -0.1258593, -0.1795797, 0.9756591, 0, 0, 0, 0, 0, 0, 0, 0, 0, 0, 0, 0, 0, 0, 0, 0, 0, 0
110057, True, True, True, True, -0.01478772, -0.01840599, 0.1, -0.1439201, -0.1791346, 0.9732409, 0, 0, 0, 0, 0, 0, 0, 0, 0, 0, 0, 0, 0, 0, 0, 0, 0, 0
110057, True, True, True, True, -0.01478772, -0.01840599, 0.1, -0.1439201, -0.1791346, 0.9732409, 0, 0, 0, 0, 0, 0, 0, 0, 0, 0, 0, 0, 0, 0, 0, 0, 0, 0
110057, True, True, True, True, -0.01667551, -0.01840599, 0.1, -0.1618383, -0.1786328, 0.9705147, 0, 0, 0, 0, 0, 0, 0, 0, 0, 0, 0, 0, 0, 0, 0, 0, 0, 0
110057, True, True, True, True, -0.01887794, -0.01840599, 0.1, -0.1825413, -0.1779777, 0.9669554, 0, 0, 0, 0, 0, 0, 0, 0, 0, 0, 0, 0, 0, 0, 0, 0, 0, 0
110057, True, True, True, True, -0.01887794, -0.01840599, 0.1, -0.1825413, -0.1779777, 0.9669554, 0, 0, 0, 0, 0, 0, 0, 0, 0, 0, 0, 0, 0, 0, 0, 0, 0, 0
110057, True, True, True, True, -0.0204511, -0.01809136, 0.1, -0.1972888, -0.1745247, 0.9646856, 0, 0, 0, 0, 0, 0, 0, 0, 0, 0, 0, 0, 0, 0, 0, 0, 0, 0
110057, True, True, True, True, -0.0204511, -0.01809136, 0.1, -0.1972888, -0.1745247, 0.9646856, 0, 0, 0, 0, 0, 0, 0, 0, 0, 0, 0, 0, 0, 0, 0, 0, 0, 0
110057, True, True, True, True, -0.02233889, -0.01714746, 0.1, -0.2150252, -0.1650545, 0.9625597, 0, 0, 0, 0, 0, 0, 0, 0, 0, 0, 0, 0, 0, 0, 0, 0, 0, 0
110057, True, True, True, True, -0.02359742, -0.01588893, 0.1, -0.2269686, -0.1528256, 0.9618366, 0, 0, 0, 0, 0, 0, 0, 0, 0, 0, 0, 0, 0, 0, 0, 0, 0, 0
110057, True, True, True, True, -0.02359742, -0.01588893, 0.1, -0.2269686, -0.1528256, 0.9618366, 0, 0, 0, 0, 0, 0, 0, 0, 0, 0, 0, 0, 0, 0, 0, 0, 0, 0
110057, True, True, True, True, -0.02548522, -0.01400114, 0.1, -0.2447163, -0.1344429, 0.9602286, 0, 0, 0, 0, 0, 0, 0, 0, 0, 0, 0, 0, 0, 0, 0, 0, 0, 0
110057, True, True, True, True, -0.02548522, -0.01400114, 0.1, -0.2447163, -0.1344429, 0.9602286, 0, 0, 0, 0, 0, 0, 0, 0, 0, 0, 0, 0, 0, 0, 0, 0, 0, 0
110057, True, True, True, True, -0.02800228, -0.01148408, 0.1, -0.2680163, -0.1099168, 0.9571236, 0, 0, 0, 0, 0, 0, 0, 0, 0, 0, 0, 0, 0, 0, 0, 0, 0, 0
110057, True, True, True, True, -0.02957544, -0.008967021, 0.1, -0.2825678, -0.08567218, 0.9554139, 0, 0, 0, 0, 0, 0, 0, 0, 0, 0, 0, 0, 0, 0, 0, 0, 0, 0
110057, True, True, True, True, -0.02957544, -0.008967021, 0.1, -0.2825678, -0.08567218, 0.9554139, 0, 0, 0, 0, 0, 0, 0, 0, 0, 0, 0, 0, 0, 0, 0, 0, 0, 0
110057, True, True, True, True, -0.0320925, -0.0048768, 0.1, -0.3052456, -0.04638536, 0.9511433, 0, 0, 0, 0, 0, 0, 0, 0, 0, 0, 0, 0, 0, 0, 0, 0, 0, 0
110057, True, True, True, True, -0.03335103, -0.002045109, 0.1, -0.3163193, -0.01939693, 0.9484545, 0, 0, 0, 0, 0, 0, 0, 0, 0, 0, 0, 0, 0, 0, 0, 0, 0, 0
110057, True, True, True, True, -0.03335103, -0.002045109, 0.1, -0.3163193, -0.01939693, 0.9484545, 0, 0, 0, 0, 0, 0, 0, 0, 0, 0, 0, 0, 0, 0, 0, 0, 0, 0
110057, True, True, True, True, -0.03492418, 0.0004719503, 0.1, -0.3297094, 0.00445555, 0.9440719, 0, 0, 0, 0, 0, 0, 0, 0, 0, 0, 0, 0, 0, 0, 0, 0, 0, 0
110057, True, True, True, True, -0.03492418, 0.0004719503, 0.1, -0.3297094, 0.00445555, 0.9440719, 0, 0, 0, 0, 0, 0, 0, 0, 0, 0, 0, 0, 0, 0, 0, 0, 0, 0
110057, True, True, True, True, -0.03618272, 0.003618274, 0.1, -0.3400433, 0.03400435, 0.9397948, 0, 0, 0, 0, 0, 0, 0, 0, 0, 0, 0, 0, 0, 0, 0, 0, 0, 0
110057, True, True, True, True, -0.03681198, 0.007079227, 0.1, -0.3446966, 0.06628781, 0.9363707, 0, 0, 0, 0, 0, 0, 0, 0, 0, 0, 0, 0, 0, 0, 0, 0, 0, 0
110057, True, True, True, True, -0.03681198, 0.007079227, 0.1, -0.3446966, 0.06628781, 0.9363707, 0, 0, 0, 0, 0, 0, 0, 0, 0, 0, 0, 0, 0, 0, 0, 0, 0, 0
110057, True, True, True, True, -0.03775588, 0.009596286, 0.1, -0.3518064, 0.08941745, 0.9317923, 0, 0, 0, 0, 0, 0, 0, 0, 0, 0, 0, 0, 0, 0, 0, 0, 0, 0
110057, True, True, True, True, -0.03775588, 0.009596286, 0.1, -0.3518064, 0.08941745, 0.9317923, 0, 0, 0, 0, 0, 0, 0, 0, 0, 0, 0, 0, 0, 0, 0, 0, 0, 0
110057, True, True, True, True, -0.03775588, 0.01211334, 0.1, -0.3509748, 0.1126044, 0.9295896, 0, 0, 0, 0, 0, 0, 0, 0, 0, 0, 0, 0, 0, 0, 0, 0, 0, 0
110057, True, True, True, True, -0.03775588, 0.0146304, 0.1, -0.3499584, 0.1356089, 0.9268977, 0, 0, 0, 0, 0, 0, 0, 0, 0, 0, 0, 0, 0, 0, 0, 0, 0, 0
110057, True, True, True, True, -0.03775588, 0.0146304, 0.1, -0.3499584, 0.1356089, 0.9268977, 0, 0, 0, 0, 0, 0, 0, 0, 0, 0, 0, 0, 0, 0, 0, 0, 0, 0
110057, True, True, True, True, -0.03775588, 0.01588893, 0.1, -0.3493824, 0.1470317, 0.9253721, 0, 0, 0, 0, 0, 0, 0, 0, 0, 0, 0, 0, 0, 0, 0, 0, 0, 0
110057, True, True, True, True, -0.03744124, 0.01777672, 0.1, -0.3458805, 0.1642206, 0.9237956, 0, 0, 0, 0, 0, 0, 0, 0, 0, 0, 0, 0, 0, 0, 0, 0, 0, 0
110057, True, True, True, True, -0.03744124, 0.01777672, 0.1, -0.3458805, 0.1642206, 0.9237956, 0, 0, 0, 0, 0, 0, 0, 0, 0, 0, 0, 0, 0, 0, 0, 0, 0, 0
110057, True, True, True, True, -0.03649735, 0.01997915, 0.1, -0.3369688, 0.1844614, 0.9232693, 0, 0, 0, 0, 0, 0, 0, 0, 0, 0, 0, 0, 0, 0, 0, 0, 0, 0
110057, True, True, True, True, -0.03586809, 0.02186695, 0.1, -0.3306878, 0.2016035, 0.9219553, 0, 0, 0, 0, 0, 0, 0, 0, 0, 0, 0, 0, 0, 0, 0, 0, 0, 0
110057, True, True, True, True, -0.03586809, 0.02186695, 0.1, -0.3306878, 0.2016035, 0.9219553, 0, 0, 0, 0, 0, 0, 0, 0, 0, 0, 0, 0, 0, 0, 0, 0, 0, 0
110057, True, True, True, True, -0.03429492, 0.02375474, 0.1, -0.3165103, 0.2192342, 0.9229072, 0, 0, 0, 0, 0, 0, 0, 0, 0, 0, 0, 0, 0, 0, 0, 0, 0, 0
110057, True, True, True, True, -0.03429492, 0.02375474, 0.1, -0.3165103, 0.2192342, 0.9229072, 0, 0, 0, 0, 0, 0, 0, 0, 0, 0, 0, 0, 0, 0, 0, 0, 0, 0
110057, True, True, True, True, -0.03335103, 0.02501327, 0.1, -0.3078315, 0.2308736, 0.9230044, 0, 0, 0, 0, 0, 0, 0, 0, 0, 0, 0, 0, 0, 0, 0, 0, 0, 0
110057, True, True, True, True, -0.0320925, 0.02595717, 0.1, -0.2966483, 0.2399361, 0.9243541, 0, 0, 0, 0, 0, 0, 0, 0, 0, 0, 0, 0, 0, 0, 0, 0, 0, 0
110057, True, True, True, True, -0.0320925, 0.02595717, 0.1, -0.2966483, 0.2399361, 0.9243541, 0, 0, 0, 0, 0, 0, 0, 0, 0, 0, 0, 0, 0, 0, 0, 0, 0, 0
110057, True, True, True, True, -0.0311486, 0.02690106, 0.1, -0.288044, 0.2487652, 0.9247413, 0, 0, 0, 0, 0, 0, 0, 0, 0, 0, 0, 0, 0, 0, 0, 0, 0, 0
110057, True, True, True, True, -0.02957544, 0.02753032, 0.1, -0.2742157, 0.2552539, 0.9271738, 0, 0, 0, 0, 0, 0, 0, 0, 0, 0, 0, 0, 0, 0, 0, 0, 0, 0
110057, True, True, True, True, -0.02957544, 0.02753032, 0.1, -0.2742157, 0.2552539, 0.9271738, 0, 0, 0, 0, 0, 0, 0, 0, 0, 0, 0, 0, 0, 0, 0, 0, 0, 0
110057, True, True, True, True, -0.02800228, 0.02847422, 0.1, -0.2600516, 0.2644345, 0.9286805, 0, 0, 0, 0, 0, 0, 0, 0, 0, 0, 0, 0, 0, 0, 0, 0, 0, 0
110057, True, True, True, True, -0.02800228, 0.02847422, 0.1, -0.2600516, 0.2644345, 0.9286805, 0, 0, 0, 0, 0, 0, 0, 0, 0, 0, 0, 0, 0, 0, 0, 0, 0, 0
110057, True, True, True, True, -0.02737301, 0.02847422, 0.1, -0.2545907, 0.2648328, 0.9300791, 0, 0, 0, 0, 0, 0, 0, 0, 0, 0, 0, 0, 0, 0, 0, 0, 0, 0
110057, True, True, True, True, -0.02674375, 0.02878885, 0.1, -0.2489107, 0.267945, 0.930725, 0, 0, 0, 0, 0, 0, 0, 0, 0, 0, 0, 0, 0, 0, 0, 0, 0, 0
110057, True, True, True, True, -0.02674375, 0.02878885, 0.1, -0.2489107, 0.267945, 0.930725, 0, 0, 0, 0, 0, 0, 0, 0, 0, 0, 0, 0, 0, 0, 0, 0, 0, 0
110057, True, True, True, True, -0.02579985, 0.02878885, 0.1, -0.2406431, 0.2685224, 0.9327307, 0, 0, 0, 0, 0, 0, 0, 0, 0, 0, 0, 0, 0, 0, 0, 0, 0, 0
110057, True, True, True, True, -0.02454132, 0.02878885, 0.1, -0.2295379, 0.2692655, 0.9353119, 0, 0, 0, 0, 0, 0, 0, 0, 0, 0, 0, 0, 0, 0, 0, 0, 0, 0
110057, True, True, True, True, -0.02454132, 0.02878885, 0.1, -0.2295379, 0.2692655, 0.9353119, 0, 0, 0, 0, 0, 0, 0, 0, 0, 0, 0, 0, 0, 0, 0, 0, 0, 0
110057, True, True, True, True, -0.02359742, 0.02878885, 0.1, -0.2211494, 0.2698023, 0.9371764, 0, 0, 0, 0, 0, 0, 0, 0, 0, 0, 0, 0, 0, 0, 0, 0, 0, 0
110057, True, True, True, True, -0.02359742, 0.02878885, 0.1, -0.2211494, 0.2698023, 0.9371764, 0, 0, 0, 0, 0, 0, 0, 0, 0, 0, 0, 0, 0, 0, 0, 0, 0, 0
110057, True, True, True, True, -0.02296816, 0.02878885, 0.1, -0.2155297, 0.2701502, 0.9383847, 0, 0, 0, 0, 0, 0, 0, 0, 0, 0, 0, 0, 0, 0, 0, 0, 0, 0
110057, True, True, True, True, -0.021395, 0.02815959, 0.1, -0.2017076, 0.2654828, 0.9427794, 0, 0, 0, 0, 0, 0, 0, 0, 0, 0, 0, 0, 0, 0, 0, 0, 0, 0
110057, True, True, True, True, -0.021395, 0.02815959, 0.1, -0.2017076, 0.2654828, 0.9427794, 0, 0, 0, 0, 0, 0, 0, 0, 0, 0, 0, 0, 0, 0, 0, 0, 0, 0
110057, True, True, True, True, -0.02013647, 0.02753032, 0.1, -0.1905834, 0.2605632, 0.9464591, 0, 0, 0, 0, 0, 0, 0, 0, 0, 0, 0, 0, 0, 0, 0, 0, 0, 0
110057, True, True, True, True, -0.01824867, 0.02595717, 0.1, -0.1739406, 0.2474155, 0.9531685, 0, 0, 0, 0, 0, 0, 0, 0, 0, 0, 0, 0, 0, 0, 0, 0, 0, 0
110057, True, True, True, True, -0.01824867, 0.02595717, 0.1, -0.1739406, 0.2474155, 0.9531685, 0, 0, 0, 0, 0, 0, 0, 0, 0, 0, 0, 0, 0, 0, 0, 0, 0, 0
110057, True, True, True, True, -0.01667551, 0.024384, 0.1, -0.1599232, 0.23385, 0.9590302, 0, 0, 0, 0, 0, 0, 0, 0, 0, 0, 0, 0, 0, 0, 0, 0, 0, 0
110057, True, True, True, True, -0.01667551, 0.024384, 0.1, -0.1599232, 0.23385, 0.9590302, 0, 0, 0, 0, 0, 0, 0, 0, 0, 0, 0, 0, 0, 0, 0, 0, 0, 0
110057, True, True, True, True, -0.01478772, 0.02249621, 0.1, -0.1427932, 0.2172279, 0.96562, 0, 0, 0, 0, 0, 0, 0, 0, 0, 0, 0, 0, 0, 0, 0, 0, 0, 0
110057, True, True, True, True, -0.01321456, 0.02029378, 0.1, -0.1284332, 0.1972366, 0.9719067, 0, 0, 0, 0, 0, 0, 0, 0, 0, 0, 0, 0, 0, 0, 0, 0, 0, 0
110057, True, True, True, True, -0.01321456, 0.02029378, 0.1, -0.1284332, 0.1972366, 0.9719067, 0, 0, 0, 0, 0, 0, 0, 0, 0, 0, 0, 0, 0, 0, 0, 0, 0, 0
110057, True, True, True, True, -0.01195603, 0.01809136, 0.1, -0.1168446, 0.1768043, 0.9772859, 0, 0, 0, 0, 0, 0, 0, 0, 0, 0, 0, 0, 0, 0, 0, 0, 0, 0
110057, True, True, True, True, -0.01195603, 0.01809136, 0.1, -0.1168446, 0.1768043, 0.9772859, 0, 0, 0, 0, 0, 0, 0, 0, 0, 0, 0, 0, 0, 0, 0, 0, 0, 0
110058, True, True, True, True, -0.01006823, 0.01588893, 0.1, -0.09894704, 0.1561508, 0.9827646, 0, 0, 0, 0, 0, 0, 0, 0, 0, 0, 0, 0, 0, 0, 0, 0, 0, 0
110058, True, True, True, True, -0.008809703, 0.0136865, 0.1, -0.08695274, 0.1350873, 0.987011, 0, 0, 0, 0, 0, 0, 0, 0, 0, 0, 0, 0, 0, 0, 0, 0, 0, 0
110058, True, True, True, True, -0.008809703, 0.0136865, 0.1, -0.08695274, 0.1350873, 0.987011, 0, 0, 0, 0, 0, 0, 0, 0, 0, 0, 0, 0, 0, 0, 0, 0, 0, 0
110058, True, True, True, True, -0.008180439, 0.01211334, 0.1, -0.08094425, 0.1198598, 0.9894856, 0, 0, 0, 0, 0, 0, 0, 0, 0, 0, 0, 0, 0, 0, 0, 0, 0, 0
110058, True, True, True, True, -0.00786581, 0.01085482, 0.1, -0.07796074, 0.1075858, 0.9911345, 0, 0, 0, 0, 0, 0, 0, 0, 0, 0, 0, 0, 0, 0, 0, 0, 0, 0
110058, True, True, True, True, -0.00786581, 0.01085482, 0.1, -0.07796074, 0.1075858, 0.9911345, 0, 0, 0, 0, 0, 0, 0, 0, 0, 0, 0, 0, 0, 0, 0, 0, 0, 0
110058, True, True, True, True, -0.007551174, 0.008967021, 0.1, -0.07499816, 0.08906034, 0.9931987, 0, 0, 0, 0, 0, 0, 0, 0, 0, 0, 0, 0, 0, 0, 0, 0, 0, 0
110058, True, True, True, True, -0.007551174, 0.008967021, 0.1, -0.07499816, 0.08906034, 0.9931987, 0, 0, 0, 0, 0, 0, 0, 0, 0, 0, 0, 0, 0, 0, 0, 0, 0, 0
110058, True, True, True, True, -0.006921909, 0.007393857, 0.1, -0.06886677, 0.07356221, 0.9949101, 0, 0, 0, 0, 0, 0, 0, 0, 0, 0, 0, 0, 0, 0, 0, 0, 0, 0
110058, True, True, True, True, -0.006607279, 0.004876804, 0.1, -0.06585111, 0.04860442, 0.996645, 0, 0, 0, 0, 0, 0, 0, 0, 0, 0, 0, 0, 0, 0, 0, 0, 0, 0
110058, True, True, True, True, -0.006607279, 0.004876804, 0.1, -0.06585111, 0.04860442, 0.996645, 0, 0, 0, 0, 0, 0, 0, 0, 0, 0, 0, 0, 0, 0, 0, 0, 0, 0
110058, True, True, True, True, -0.005978014, 0.003618274, 0.1, -0.05963472, 0.03609472, 0.9975675, 0, 0, 0, 0, 0, 0, 0, 0, 0, 0, 0, 0, 0, 0, 0, 0, 0, 0
110058, True, True, True, True, -0.005348749, 0.001415844, 0.1, -0.05340581, 0.01413682, 0.9984728, 0, 0, 0, 0, 0, 0, 0, 0, 0, 0, 0, 0, 0, 0, 0, 0, 0, 0
110058, True, True, True, True, -0.005348749, 0.001415844, 0.1, -0.05340581, 0.01413682, 0.9984728, 0, 0, 0, 0, 0, 0, 0, 0, 0, 0, 0, 0, 0, 0, 0, 0, 0, 0
110058, True, True, True, True, -0.004719485, -0.0007865793, 0.1, -0.04714091, -0.007856805, 0.9988573, 0, 0, 0, 0, 0, 0, 0, 0, 0, 0, 0, 0, 0, 0, 0, 0, 0, 0
110058, True, True, True, True, -0.004719485, -0.0007865793, 0.1, -0.04714091, -0.007856805, 0.9988573, 0, 0, 0, 0, 0, 0, 0, 0, 0, 0, 0, 0, 0, 0, 0, 0, 0, 0
110058, True, True, True, True, -0.004090219, -0.002989006, 0.1, -0.04084981, -0.02985178, 0.9987193, 0, 0, 0, 0, 0, 0, 0, 0, 0, 0, 0, 0, 0, 0, 0, 0, 0, 0
110058, True, True, True, True, -0.003146325, -0.005820697, 0.1, -0.0313946, -0.05807997, 0.9978182, 0, 0, 0, 0, 0, 0, 0, 0, 0, 0, 0, 0, 0, 0, 0, 0, 0, 0
110058, True, True, True, True, -0.003146325, -0.005820697, 0.1, -0.0313946, -0.05807997, 0.9978182, 0, 0, 0, 0, 0, 0, 0, 0, 0, 0, 0, 0, 0, 0, 0, 0, 0, 0
110058, True, True, True, True, -0.002831689, -0.007079227, 0.1, -0.02823494, -0.07058738, 0.9971059, 0, 0, 0, 0, 0, 0, 0, 0, 0, 0, 0, 0, 0, 0, 0, 0, 0, 0
110058, True, True, True, True, -0.002202424, -0.008967021, 0.1, -0.02193095, -0.0892904, 0.9957641, 0, 0, 0, 0, 0, 0, 0, 0, 0, 0, 0, 0, 0, 0, 0, 0, 0, 0
110058, True, True, True, True, -0.002202424, -0.008967021, 0.1, -0.02193095, -0.0892904, 0.9957641, 0, 0, 0, 0, 0, 0, 0, 0, 0, 0, 0, 0, 0, 0, 0, 0, 0, 0
110058, True, True, True, True, -0.0009438944, -0.01116944, 0.1, -0.009380197, -0.1109993, 0.9937762, 0, 0, 0, 0, 0, 0, 0, 0, 0, 0, 0, 0, 0, 0, 0, 0, 0, 0
110058, True, True, True, True, -0.0009438944, -0.01116944, 0.1, -0.009380197, -0.1109993, 0.9937762, 0, 0, 0, 0, 0, 0, 0, 0, 0, 0, 0, 0, 0, 0, 0, 0, 0, 0
110058, True, True, True, True, 0.0003146294, -0.01400114, 0.1, 0.003115887, -0.1386582, 0.9903353, 0, 0, 0, 0, 0, 0, 0, 0, 0, 0, 0, 0, 0, 0, 0, 0, 0, 0
110058, True, True, True, True, 0.001887789, -0.01588893, 0.1, 0.01864077, -0.1568936, 0.9874395, 0, 0, 0, 0, 0, 0, 0, 0, 0, 0, 0, 0, 0, 0, 0, 0, 0, 0
110058, True, True, True, True, 0.001887789, -0.01588893, 0.1, 0.01864077, -0.1568936, 0.9874395, 0, 0, 0, 0, 0, 0, 0, 0, 0, 0, 0, 0, 0, 0, 0, 0, 0, 0
110058, True, True, True, True, 0.00377559, -0.01903525, 0.1, 0.03706443, -0.1868664, 0.9816858, 0, 0, 0, 0, 0, 0, 0, 0, 0, 0, 0, 0, 0, 0, 0, 0, 0, 0
110058, True, True, True, True, 0.005348749, -0.02029378, 0.1, 0.05234711, -0.1986111, 0.9786795, 0, 0, 0, 0, 0, 0, 0, 0, 0, 0, 0, 0, 0, 0, 0, 0, 0, 0
110058, True, True, True, True, 0.005348749, -0.02029378, 0.1, 0.05234711, -0.1986111, 0.9786795, 0, 0, 0, 0, 0, 0, 0, 0, 0, 0, 0, 0, 0, 0, 0, 0, 0, 0
110058, True, True, True, True, 0.006921909, -0.02186694, 0.1, 0.0674672, -0.213135, 0.9746906, 0, 0, 0, 0, 0, 0, 0, 0, 0, 0, 0, 0, 0, 0, 0, 0, 0, 0
110058, True, True, True, True, 0.00880971, -0.02406937, 0.1, 0.08533855, -0.2331569, 0.9686874, 0, 0, 0, 0, 0, 0, 0, 0, 0, 0, 0, 0, 0, 0, 0, 0, 0, 0
110058, True, True, True, True, 0.00880971, -0.02406937, 0.1, 0.08533855, -0.2331569, 0.9686874, 0, 0, 0, 0, 0, 0, 0, 0, 0, 0, 0, 0, 0, 0, 0, 0, 0, 0
110058, True, True, True, True, 0.0106975, -0.0253279, 0.1, 0.1031474, -0.2442165, 0.9642194, 0, 0, 0, 0, 0, 0, 0, 0, 0, 0, 0, 0, 0, 0, 0, 0, 0, 0
110058, True, True, True, True, 0.0106975, -0.0253279, 0.1, 0.1031474, -0.2442165, 0.9642194, 0, 0, 0, 0, 0, 0, 0, 0, 0, 0, 0, 0, 0, 0, 0, 0, 0, 0
110058, True, True, True, True, 0.01195603, -0.02564253, 0.1, 0.1150443, -0.2467398, 0.9622288, 0, 0, 0, 0, 0, 0, 0, 0, 0, 0, 0, 0, 0, 0, 0, 0, 0, 0
110058, True, True, True, True, 0.01447309, -0.02658643, 0.1, 0.1385234, -0.2544615, 0.9571105, 0, 0, 0, 0, 0, 0, 0, 0, 0, 0, 0, 0, 0, 0, 0, 0, 0, 0
110058, True, True, True, True, 0.01447309, -0.02658643, 0.1, 0.1385234, -0.2544615, 0.9571105, 0, 0, 0, 0, 0, 0, 0, 0, 0, 0, 0, 0, 0, 0, 0, 0, 0, 0
110058, True, True, True, True, 0.01604625, -0.02690106, 0.1, 0.1531262, -0.2567116, 0.9542807, 0, 0, 0, 0, 0, 0, 0, 0, 0, 0, 0, 0, 0, 0, 0, 0, 0, 0
110058, True, True, True, True, 0.01604625, -0.02690106, 0.1, 0.1531262, -0.2567116, 0.9542807, 0, 0, 0, 0, 0, 0, 0, 0, 0, 0, 0, 0, 0, 0, 0, 0, 0, 0
110058, True, True, True, True, 0.01793404, -0.02721569, 0.1, 0.170512, -0.2587595, 0.9507729, 0, 0, 0, 0, 0, 0, 0, 0, 0, 0, 0, 0, 0, 0, 0, 0, 0, 0
110058, True, True, True, True, 0.01919257, -0.02721569, 0.1, 0.1820936, -0.2582147, 0.9487714, 0, 0, 0, 0, 0, 0, 0, 0, 0, 0, 0, 0, 0, 0, 0, 0, 0, 0
110058, True, True, True, True, 0.01919257, -0.02721569, 0.1, 0.1820936, -0.2582147, 0.9487714, 0, 0, 0, 0, 0, 0, 0, 0, 0, 0, 0, 0, 0, 0, 0, 0, 0, 0
110058, True, True, True, True, 0.0204511, -0.02721569, 0.1, 0.1935999, -0.2576368, 0.9466479, 0, 0, 0, 0, 0, 0, 0, 0, 0, 0, 0, 0, 0, 0, 0, 0, 0, 0
110058, True, True, True, True, 0.02170963, -0.02721569, 0.1, 0.2050268, -0.2570264, 0.9444053, 0, 0, 0, 0, 0, 0, 0, 0, 0, 0, 0, 0, 0, 0, 0, 0, 0, 0
110058, True, True, True, True, 0.02170963, -0.02721569, 0.1, 0.2050268, -0.2570264, 0.9444053, 0, 0, 0, 0, 0, 0, 0, 0, 0, 0, 0, 0, 0, 0, 0, 0, 0, 0
110058, True, True, True, True, 0.02359743, -0.02721569, 0.1, 0.2220102, -0.2560516, 0.9408236, 0, 0, 0, 0, 0, 0, 0, 0, 0, 0, 0, 0, 0, 0, 0, 0, 0, 0
110058, True, True, True, True, 0.02359743, -0.02721569, 0.1, 0.2220102, -0.2560516, 0.9408236, 0, 0, 0, 0, 0, 0, 0, 0, 0, 0, 0, 0, 0, 0, 0, 0, 0, 0
110058, True, True, True, True, 0.02517059, -0.02690106, 0.1, 0.2361877, -0.2524256, 0.9383479, 0, 0, 0, 0, 0, 0, 0, 0, 0, 0, 0, 0, 0, 0, 0, 0, 0, 0
110058, True, True, True, True, 0.02705838, -0.0262718, 0.1, 0.2531767, -0.2458169, 0.9356686, 0, 0, 0, 0, 0, 0, 0, 0, 0, 0, 0, 0, 0, 0, 0, 0, 0, 0
110058, True, True, True, True, 0.02705838, -0.0262718, 0.1, 0.2531767, -0.2458169, 0.9356686, 0, 0, 0, 0, 0, 0, 0, 0, 0, 0, 0, 0, 0, 0, 0, 0, 0, 0
110058, True, True, True, True, 0.02926081, -0.02501327, 0.1, 0.2730739, -0.2334341, 0.9332412, 0, 0, 0, 0, 0, 0, 0, 0, 0, 0, 0, 0, 0, 0, 0, 0, 0, 0
110058, True, True, True, True, 0.03146324, -0.024384, 0.1, 0.292324, -0.226551, 0.9290971, 0, 0, 0, 0, 0, 0, 0, 0, 0, 0, 0, 0, 0, 0, 0, 0, 0, 0
110058, True, True, True, True, 0.03146324, -0.024384, 0.1, 0.292324, -0.226551, 0.9290971, 0, 0, 0, 0, 0, 0, 0, 0, 0, 0, 0, 0, 0, 0, 0, 0, 0, 0
110058, True, True, True, True, 0.03398028, -0.02312547, 0.1, 0.3142896, -0.2138915, 0.9249175, 0, 0, 0, 0, 0, 0, 0, 0, 0, 0, 0, 0, 0, 0, 0, 0, 0, 0
110058, True, True, True, True, 0.03744124, -0.02092305, 0.1, 0.3440974, -0.1922897, 0.9190329, 0, 0, 0, 0, 0, 0, 0, 0, 0, 0, 0, 0, 0, 0, 0, 0, 0, 0
110058, True, True, True, True, 0.03744124, -0.02092305, 0.1, 0.3440974, -0.1922897, 0.9190329, 0, 0, 0, 0, 0, 0, 0, 0, 0, 0, 0, 0, 0, 0, 0, 0, 0, 0
110058, True, True, True, True, 0.03995831, -0.01966452, 0.1, 0.365021, -0.1796363, 0.9135045, 0, 0, 0, 0, 0, 0, 0, 0, 0, 0, 0, 0, 0, 0, 0, 0, 0, 0
110058, True, True, True, True, 0.03995831, -0.01966452, 0.1, 0.365021, -0.1796363, 0.9135045, 0, 0, 0, 0, 0, 0, 0, 0, 0, 0, 0, 0, 0, 0, 0, 0, 0, 0
110058, True, True, True, True, 0.04184609, -0.01809136, 0.1, 0.3807591, -0.1646139, 0.9099037, 0, 0, 0, 0, 0, 0, 0, 0, 0, 0, 0, 0, 0, 0, 0, 0, 0, 0
110058, True, True, True, True, 0.04436316, -0.01651819, 0.1, 0.4009729, -0.1492984, 0.9038422, 0, 0, 0, 0, 0, 0, 0, 0, 0, 0, 0, 0, 0, 0, 0, 0, 0, 0
110058, True, True, True, True, 0.04436316, -0.01651819, 0.1, 0.4009729, -0.1492984, 0.9038422, 0, 0, 0, 0, 0, 0, 0, 0, 0, 0, 0, 0, 0, 0, 0, 0, 0, 0
110058, True, True, True, True, 0.04593631, -0.01494503, 0.1, 0.4136309, -0.1345717, 0.9004443, 0, 0, 0, 0, 0, 0, 0, 0, 0, 0, 0, 0, 0, 0, 0, 0, 0, 0
110058, True, True, True, True, 0.04719484, -0.01274261, 0.1, 0.4239978, -0.1144794, 0.8983987, 0, 0, 0, 0, 0, 0, 0, 0, 0, 0, 0, 0, 0, 0, 0, 0, 0, 0
110058, True, True, True, True, 0.04719484, -0.01274261, 0.1, 0.4239978, -0.1144794, 0.8983987, 0, 0, 0, 0, 0, 0, 0, 0, 0, 0, 0, 0, 0, 0, 0, 0, 0, 0
110058, True, True, True, True, 0.04750948, -0.01085481, 0.1, 0.4270789, -0.09757759, 0.898934, 0, 0, 0, 0, 0, 0, 0, 0, 0, 0, 0, 0, 0, 0, 0, 0, 0, 0
110058, True, True, True, True, 0.04750948, -0.01085481, 0.1, 0.4270789, -0.09757759, 0.898934, 0, 0, 0, 0, 0, 0, 0, 0, 0, 0, 0, 0, 0, 0, 0, 0, 0, 0
110058, True, True, True, True, 0.04782411, -0.008967021, 0.1, 0.4300362, -0.0806318, 0.8992038, 0, 0, 0, 0, 0, 0, 0, 0, 0, 0, 0, 0, 0, 0, 0, 0, 0, 0
110058, True, True, True, True, 0.04813874, -0.007393859, 0.1, 0.4327874, -0.06647389, 0.8990418, 0, 0, 0, 0, 0, 0, 0, 0, 0, 0, 0, 0, 0, 0, 0, 0, 0, 0
110058, True, True, True, True, 0.04813874, -0.007393859, 0.1, 0.4327874, -0.06647389, 0.8990418, 0, 0, 0, 0, 0, 0, 0, 0, 0, 0, 0, 0, 0, 0, 0, 0, 0, 0
110058, True, True, True, True, 0.04845337, -0.00613533, 0.1, 0.435381, -0.05512942, 0.8985567, 0, 0, 0, 0, 0, 0, 0, 0, 0, 0, 0, 0, 0, 0, 0, 0, 0, 0
110058, True, True, True, True, 0.04845337, -0.00613533, 0.1, 0.435381, -0.05512942, 0.8985567, 0, 0, 0, 0, 0, 0, 0, 0, 0, 0, 0, 0, 0, 0, 0, 0, 0, 0
110058, True, True, True, True, 0.04845337, -0.003618271, 0.1, 0.4358132, -0.03254449, 0.8994486, 0, 0, 0, 0, 0, 0, 0, 0, 0, 0, 0, 0, 0, 0, 0, 0, 0, 0
110058, True, True, True, True, 0.04845337, -0.001730477, 0.1, 0.4359912, -0.01557111, 0.8998162, 0, 0, 0, 0, 0, 0, 0, 0, 0, 0, 0, 0, 0, 0, 0, 0, 0, 0
110058, True, True, True, True, 0.04845337, -0.001730477, 0.1, 0.4359912, -0.01557111, 0.8998162, 0, 0, 0, 0, 0, 0, 0, 0, 0, 0, 0, 0, 0, 0, 0, 0, 0, 0
110058, True, True, True, True, 0.04813874, 0.0001573145, 0.1, 0.4337464, 0.001417457, 0.9010339, 0, 0, 0, 0, 0, 0, 0, 0, 0, 0, 0, 0, 0, 0, 0, 0, 0, 0
110058, True, True, True, True, 0.04656558, 0.002359745, 0.1, 0.4220363, 0.02138699, 0.9063267, 0, 0, 0, 0, 0, 0, 0, 0, 0, 0, 0, 0, 0, 0, 0, 0, 0, 0
110058, True, True, True, True, 0.04656558, 0.002359745, 0.1, 0.4220363, 0.02138699, 0.9063267, 0, 0, 0, 0, 0, 0, 0, 0, 0, 0, 0, 0, 0, 0, 0, 0, 0, 0
110058, True, True, True, True, 0.04499242, 0.004562168, 0.1, 0.4099526, 0.04156861, 0.9111592, 0, 0, 0, 0, 0, 0, 0, 0, 0, 0, 0, 0, 0, 0, 0, 0, 0, 0
110058, True, True, True, True, 0.04373389, 0.006449963, 0.1, 0.3999972, 0.05899239, 0.9146159, 0, 0, 0, 0, 0, 0, 0, 0, 0, 0, 0, 0, 0, 0, 0, 0, 0, 0
110058, True, True, True, True, 0.04373389, 0.006449963, 0.1, 0.3999972, 0.05899239, 0.9146159, 0, 0, 0, 0, 0, 0, 0, 0, 0, 0, 0, 0, 0, 0, 0, 0, 0, 0
110058, True, True, True, True, 0.04184609, 0.008652386, 0.1, 0.3848014, 0.07956419, 0.9195637, 0, 0, 0, 0, 0, 0, 0, 0, 0, 0, 0, 0, 0, 0, 0, 0, 0, 0
110058, True, True, True, True, 0.0390144, 0.01085482, 0.1, 0.3616175, 0.1006113, 0.926882, 0, 0, 0, 0, 0, 0, 0, 0, 0, 0, 0, 0, 0, 0, 0, 0, 0, 0
110058, True, True, True, True, 0.0390144, 0.01085482, 0.1, 0.3616175, 0.1006113, 0.926882, 0, 0, 0, 0, 0, 0, 0, 0, 0, 0, 0, 0, 0, 0, 0, 0, 0, 0
110058, True, True, True, True, 0.03586809, 0.01274261, 0.1, 0.3352173, 0.1190904, 0.9345838, 0, 0, 0, 0, 0, 0, 0, 0, 0, 0, 0, 0, 0, 0, 0, 0, 0, 0
110058, True, True, True, True, 0.03586809, 0.01274261, 0.1, 0.3352173, 0.1190904, 0.9345838, 0, 0, 0, 0, 0, 0, 0, 0, 0, 0, 0, 0, 0, 0, 0, 0, 0, 0
110058, True, True, True, True, 0.0330364, 0.01431577, 0.1, 0.3108305, 0.1346932, 0.940873, 0, 0, 0, 0, 0, 0, 0, 0, 0, 0, 0, 0, 0, 0, 0, 0, 0, 0
110058, True, True, True, True, 0.02989007, 0.01525967, 0.1, 0.2833688, 0.1446673, 0.9480367, 0, 0, 0, 0, 0, 0, 0, 0, 0, 0, 0, 0, 0, 0, 0, 0, 0, 0
110058, True, True, True, True, 0.02989007, 0.01525967, 0.1, 0.2833688, 0.1446673, 0.9480367, 0, 0, 0, 0, 0, 0, 0, 0, 0, 0, 0, 0, 0, 0, 0, 0, 0, 0
110058, True, True, True, True, 0.02611449, 0.01683283, 0.1, 0.2493854, 0.1607484, 0.9549696, 0, 0, 0, 0, 0, 0, 0, 0, 0, 0, 0, 0, 0, 0, 0, 0, 0, 0
110058, True, True, True, True, 0.02265353, 0.01809136, 0.1, 0.2175763, 0.1737588, 0.9604522, 0, 0, 0, 0, 0, 0, 0, 0, 0, 0, 0, 0, 0, 0, 0, 0, 0, 0
110058, True, True, True, True, 0.02265353, 0.01809136, 0.1, 0.2175763, 0.1737588, 0.9604522, 0, 0, 0, 0, 0, 0, 0, 0, 0, 0, 0, 0, 0, 0, 0, 0, 0, 0
110058, True, True, True, True, 0.01950721, 0.01840599, 0.1, 0.1884134, 0.177777, 0.9658653, 0, 0, 0, 0, 0, 0, 0, 0, 0, 0, 0, 0, 0, 0, 0, 0, 0, 0
110058, True, True, True, True, 0.01950721, 0.01840599, 0.1, 0.1884134, 0.177777, 0.9658653, 0, 0, 0, 0, 0, 0, 0, 0, 0, 0, 0, 0, 0, 0, 0, 0, 0, 0
110058, True, True, True, True, 0.01667551, 0.01872062, 0.1, 0.1617493, 0.1815865, 0.9699812, 0, 0, 0, 0, 0, 0, 0, 0, 0, 0, 0, 0, 0, 0, 0, 0, 0, 0
110058, True, True, True, True, 0.01384382, 0.01934989, 0.1, 0.1346788, 0.1882443, 0.9728441, 0, 0, 0, 0, 0, 0, 0, 0, 0, 0, 0, 0, 0, 0, 0, 0, 0, 0
110058, True, True, True, True, 0.01384382, 0.01934989, 0.1, 0.1346788, 0.1882443, 0.9728441, 0, 0, 0, 0, 0, 0, 0, 0, 0, 0, 0, 0, 0, 0, 0, 0, 0, 0
110058, True, True, True, True, 0.01227066, 0.01934989, 0.1, 0.1196071, 0.1886113, 0.974741, 0, 0, 0, 0, 0, 0, 0, 0, 0, 0, 0, 0, 0, 0, 0, 0, 0, 0
110058, True, True, True, True, 0.01101213, 0.01934989, 0.1, 0.1074894, 0.1888744, 0.9761006, 0, 0, 0, 0, 0, 0, 0, 0, 0, 0, 0, 0, 0, 0, 0, 0, 0, 0
110058, True, True, True, True, 0.01101213, 0.01934989, 0.1, 0.1074894, 0.1888744, 0.9761006, 0, 0, 0, 0, 0, 0, 0, 0, 0, 0, 0, 0, 0, 0, 0, 0, 0, 0
110058, True, True, True, True, 0.009753598, 0.01934989, 0.1, 0.09532369, 0.18911, 0.9773182, 0, 0, 0, 0, 0, 0, 0, 0, 0, 0, 0, 0, 0, 0, 0, 0, 0, 0
110058, True, True, True, True, 0.009753598, 0.01934989, 0.1, 0.09532369, 0.18911, 0.9773182, 0, 0, 0, 0, 0, 0, 0, 0, 0, 0, 0, 0, 0, 0, 0, 0, 0, 0
110058, True, True, True, True, 0.008495068, 0.01934989, 0.1, 0.08311506, 0.1893177, 0.9783918, 0, 0, 0, 0, 0, 0, 0, 0, 0, 0, 0, 0, 0, 0, 0, 0, 0, 0
110058, True, True, True, True, 0.007236538, 0.01809136, 0.1, 0.07102956, 0.1775741, 0.9815408, 0, 0, 0, 0, 0, 0, 0, 0, 0, 0, 0, 0, 0, 0, 0, 0, 0, 0
110058, True, True, True, True, 0.007236538, 0.01809136, 0.1, 0.07102956, 0.1775741, 0.9815408, 0, 0, 0, 0, 0, 0, 0, 0, 0, 0, 0, 0, 0, 0, 0, 0, 0, 0
110058, True, True, True, True, 0.005663379, 0.01651819, 0.1, 0.05578959, 0.1627197, 0.9850938, 0, 0, 0, 0, 0, 0, 0, 0, 0, 0, 0, 0, 0, 0, 0, 0, 0, 0
110058, True, True, True, True, 0.00377559, 0.0136865, 0.1, 0.03738102, 0.1355061, 0.9900711, 0, 0, 0, 0, 0, 0, 0, 0, 0, 0, 0, 0, 0, 0, 0, 0, 0, 0
110058, True, True, True, True, 0.00377559, 0.0136865, 0.1, 0.03738102, 0.1355061, 0.9900711, 0, 0, 0, 0, 0, 0, 0, 0, 0, 0, 0, 0, 0, 0, 0, 0, 0, 0
110058, True, True, True, True, 0.00251706, 0.01085482, 0.1, 0.02501578, 0.1078805, 0.9938491, 0, 0, 0, 0, 0, 0, 0, 0, 0, 0, 0, 0, 0, 0, 0, 0, 0, 0
110058, True, True, True, True, 0.00251706, 0.01085482, 0.1, 0.02501578, 0.1078805, 0.9938491, 0, 0, 0, 0, 0, 0, 0, 0, 0, 0, 0, 0, 0, 0, 0, 0, 0, 0
110058, True, True, True, True, 0.00125853, 0.006764592, 0.1, 0.01255561, 0.06748635, 0.9976412, 0, 0, 0, 0, 0, 0, 0, 0, 0, 0, 0, 0, 0, 0, 0, 0, 0, 0
110058, True, True, True, True, -0.000629265, 0.002989009, 0.1, -0.006289716, 0.02987616, 0.9995338, 0, 0, 0, 0, 0, 0, 0, 0, 0, 0, 0, 0, 0, 0, 0, 0, 0, 0
110058, True, True, True, True, -0.000629265, 0.002989009, 0.1, -0.006289716, 0.02987616, 0.9995338, 0, 0, 0, 0, 0, 0, 0, 0, 0, 0, 0, 0, 0, 0, 0, 0, 0, 0
110058, True, True, True, True, -0.002202424, -0.0007865793, 0.1, -0.02201822, -0.007863643, 0.9997267, 0, 0, 0, 0, 0, 0, 0, 0, 0, 0, 0, 0, 0, 0, 0, 0, 0, 0
110058, True, True, True, True, -0.003146325, -0.003932904, 0.1, -0.03142342, -0.03927924, 0.9987341, 0, 0, 0, 0, 0, 0, 0, 0, 0, 0, 0, 0, 0, 0, 0, 0, 0, 0
110058, True, True, True, True, -0.003146325, -0.003932904, 0.1, -0.03142342, -0.03927924, 0.9987341, 0, 0, 0, 0, 0, 0, 0, 0, 0, 0, 0, 0, 0, 0, 0, 0, 0, 0
110058, True, True, True, True, -0.004090219, -0.005820697, 0.1, -0.04079908, -0.05806024, 0.9974791, 0, 0, 0, 0, 0, 0, 0, 0, 0, 0, 0, 0, 0, 0, 0, 0, 0, 0
110058, True, True, True, True, -0.004090219, -0.005820697, 0.1, -0.04079908, -0.05806024, 0.9974791, 0, 0, 0, 0, 0, 0, 0, 0, 0, 0, 0, 0, 0, 0, 0, 0, 0, 0
110058, True, True, True, True, -0.005348749, -0.007708492, 0.1, -0.05325361, -0.07674786, 0.9956273, 0, 0, 0, 0, 0, 0, 0, 0, 0, 0, 0, 0, 0, 0, 0, 0, 0, 0
110058, True, True, True, True, -0.006292644, -0.009596286, 0.1, -0.06251616, -0.09533719, 0.99348, 0, 0, 0, 0, 0, 0, 0, 0, 0, 0, 0, 0, 0, 0, 0, 0, 0, 0
110058, True, True, True, True, -0.006292644, -0.009596286, 0.1, -0.06251616, -0.09533719, 0.99348, 0, 0, 0, 0, 0, 0, 0, 0, 0, 0, 0, 0, 0, 0, 0, 0, 0, 0
110058, True, True, True, True, -0.006921909, -0.01054018, 0.1, -0.06867525, -0.1045737, 0.9921432, 0, 0, 0, 0, 0, 0, 0, 0, 0, 0, 0, 0, 0, 0, 0, 0, 0, 0
110058, True, True, True, True, -0.008180439, -0.01211334, 0.1, -0.08094425, -0.1198598, 0.9894856, 0, 0, 0, 0, 0, 0, 0, 0, 0, 0, 0, 0, 0, 0, 0, 0, 0, 0
110058, True, True, True, True, -0.008180439, -0.01211334, 0.1, -0.08094425, -0.1198598, 0.9894856, 0, 0, 0, 0, 0, 0, 0, 0, 0, 0, 0, 0, 0, 0, 0, 0, 0, 0
110058, True, True, True, True, -0.008809703, -0.01274261, 0.1, -0.08705859, -0.125924, 0.9882125, 0, 0, 0, 0, 0, 0, 0, 0, 0, 0, 0, 0, 0, 0, 0, 0, 0, 0
110058, True, True, True, True, -0.01006823, -0.01431577, 0.1, -0.09917487, -0.1410143, 0.9850276, 0, 0, 0, 0, 0, 0, 0, 0, 0, 0, 0, 0, 0, 0, 0, 0, 0, 0
110058, True, True, True, True, -0.01006823, -0.01431577, 0.1, -0.09917487, -0.1410143, 0.9850276, 0, 0, 0, 0, 0, 0, 0, 0, 0, 0, 0, 0, 0, 0, 0, 0, 0, 0
110058, True, True, True, True, -0.01101213, -0.01525967, 0.1, -0.1082217, -0.1499645, 0.9827506, 0, 0, 0, 0, 0, 0, 0, 0, 0, 0, 0, 0, 0, 0, 0, 0, 0, 0
110058, True, True, True, True, -0.01227066, -0.01588893, 0.1, -0.1203062, -0.1557811, 0.9804381, 0, 0, 0, 0, 0, 0, 0, 0, 0, 0, 0, 0, 0, 0, 0, 0, 0, 0
110058, True, True, True, True, -0.01227066, -0.01588893, 0.1, -0.1203062, -0.1557811, 0.9804381, 0, 0, 0, 0, 0, 0, 0, 0, 0, 0, 0, 0, 0, 0, 0, 0, 0, 0
110058, True, True, True, True, -0.01384382, -0.01651819, 0.1, -0.1353309, -0.1614742, 0.977554, 0, 0, 0, 0, 0, 0, 0, 0, 0, 0, 0, 0, 0, 0, 0, 0, 0, 0
110058, True, True, True, True, -0.01384382, -0.01651819, 0.1, -0.1353309, -0.1614742, 0.977554, 0, 0, 0, 0, 0, 0, 0, 0, 0, 0, 0, 0, 0, 0, 0, 0, 0, 0
110058, True, True, True, True, -0.01510235, -0.01746209, 0.1, -0.1471528, -0.1701454, 0.9743699, 0, 0, 0, 0, 0, 0, 0, 0, 0, 0, 0, 0, 0, 0, 0, 0, 0, 0
110058, True, True, True, True, -0.01667551, -0.01777672, 0.1, -0.1620121, -0.172711, 0.971557, 0, 0, 0, 0, 0, 0, 0, 0, 0, 0, 0, 0, 0, 0, 0, 0, 0, 0
110058, True, True, True, True, -0.01667551, -0.01777672, 0.1, -0.1620121, -0.172711, 0.971557, 0, 0, 0, 0, 0, 0, 0, 0, 0, 0, 0, 0, 0, 0, 0, 0, 0, 0
110058, True, True, True, True, -0.01824867, -0.01809136, 0.1, -0.1767447, -0.175221, 0.9685345, 0, 0, 0, 0, 0, 0, 0, 0, 0, 0, 0, 0, 0, 0, 0, 0, 0, 0
110058, True, True, True, True, -0.02013647, -0.01903525, 0.1, -0.1940526, -0.1834403, 0.9636873, 0, 0, 0, 0, 0, 0, 0, 0, 0, 0, 0, 0, 0, 0, 0, 0, 0, 0
110058, True, True, True, True, -0.02013647, -0.01903525, 0.1, -0.1940526, -0.1834403, 0.9636873, 0, 0, 0, 0, 0, 0, 0, 0, 0, 0, 0, 0, 0, 0, 0, 0, 0, 0
110058, True, True, True, True, -0.021395, -0.01903525, 0.1, -0.2056823, -0.1829967, 0.9613568, 0, 0, 0, 0, 0, 0, 0, 0, 0, 0, 0, 0, 0, 0, 0, 0, 0, 0
110058, True, True, True, True, -0.021395, -0.01903525, 0.1, -0.2056823, -0.1829967, 0.9613568, 0, 0, 0, 0, 0, 0, 0, 0, 0, 0, 0, 0, 0, 0, 0, 0, 0, 0
110058, True, True, True, True, -0.02454132, -0.01903525, 0.1, -0.2343696, -0.1817866, 0.9549997, 0, 0, 0, 0, 0, 0, 0, 0, 0, 0, 0, 0, 0, 0, 0, 0, 0, 0
110058, True, True, True, True, -0.02705838, -0.01903525, 0.1, -0.2568905, -0.1807194, 0.9493934, 0, 0, 0, 0, 0, 0, 0, 0, 0, 0, 0, 0, 0, 0, 0, 0, 0, 0
110058, True, True, True, True, -0.02705838, -0.01903525, 0.1, -0.2568905, -0.1807194, 0.9493934, 0, 0, 0, 0, 0, 0, 0, 0, 0, 0, 0, 0, 0, 0, 0, 0, 0, 0
110058, True, True, True, True, -0.02957544, -0.01872062, 0.1, -0.2791481, -0.1766948, 0.9438513, 0, 0, 0, 0, 0, 0, 0, 0, 0, 0, 0, 0, 0, 0, 0, 0, 0, 0
110058, True, True, True, True, -0.02957544, -0.01872062, 0.1, -0.2791481, -0.1766948, 0.9438513, 0, 0, 0, 0, 0, 0, 0, 0, 0, 0, 0, 0, 0, 0, 0, 0, 0, 0
110058, True, True, True, True, -0.03303639, -0.01777672, 0.1, -0.3093135, -0.1664402, 0.9362814, 0, 0, 0, 0, 0, 0, 0, 0, 0, 0, 0, 0, 0, 0, 0, 0, 0, 0
110058, True, True, True, True, -0.03649735, -0.01651819, 0.1, -0.3387977, -0.1533351, 0.9282804, 0, 0, 0, 0, 0, 0, 0, 0, 0, 0, 0, 0, 0, 0, 0, 0, 0, 0
110058, True, True, True, True, -0.03649735, -0.01651819, 0.1, -0.3387977, -0.1533351, 0.9282804, 0, 0, 0, 0, 0, 0, 0, 0, 0, 0, 0, 0, 0, 0, 0, 0, 0, 0
110058, True, True, True, True, -0.03995831, -0.0155743, 0.1, -0.3672362, -0.1431353, 0.9190484, 0, 0, 0, 0, 0, 0, 0, 0, 0, 0, 0, 0, 0, 0, 0, 0, 0, 0
110058, True, True, True, True, -0.04373389, -0.0136865, 0.1, -0.3975812, -0.1244229, 0.9090919, 0, 0, 0, 0, 0, 0, 0, 0, 0, 0, 0, 0, 0, 0, 0, 0, 0, 0
110058, True, True, True, True, -0.04373389, -0.0136865, 0.1, -0.3975812, -0.1244229, 0.9090919, 0, 0, 0, 0, 0, 0, 0, 0, 0, 0, 0, 0, 0, 0, 0, 0, 0, 0
110058, True, True, True, True, -0.04656558, -0.01211334, 0.1, -0.4196104, -0.1091554, 0.9011171, 0, 0, 0, 0, 0, 0, 0, 0, 0, 0, 0, 0, 0, 0, 0, 0, 0, 0
110058, True, True, True, True, -0.04656558, -0.01211334, 0.1, -0.4196104, -0.1091554, 0.9011171, 0, 0, 0, 0, 0, 0, 0, 0, 0, 0, 0, 0, 0, 0, 0, 0, 0, 0
110058, True, True, True, True, -0.04876801, -0.009910919, 0.1, -0.4366041, -0.08872923, 0.8952675, 0, 0, 0, 0, 0, 0, 0, 0, 0, 0, 0, 0, 0, 0, 0, 0, 0, 0
110058, True, True, True, True, -0.05128507, -0.008023124, 0.1, -0.4551795, -0.07120906, 0.8875477, 0, 0, 0, 0, 0, 0, 0, 0, 0, 0, 0, 0, 0, 0, 0, 0, 0, 0
110058, True, True, True, True, -0.05128507, -0.008023124, 0.1, -0.4551795, -0.07120906, 0.8875477, 0, 0, 0, 0, 0, 0, 0, 0, 0, 0, 0, 0, 0, 0, 0, 0, 0, 0
110058, True, True, True, True, -0.05317286, -0.00613533, 0.1, -0.4687974, -0.054092, 0.8816479, 0, 0, 0, 0, 0, 0, 0, 0, 0, 0, 0, 0, 0, 0, 0, 0, 0, 0
110058, True, True, True, True, -0.05317286, -0.00613533, 0.1, -0.4687974, -0.054092, 0.8816479, 0, 0, 0, 0, 0, 0, 0, 0, 0, 0, 0, 0, 0, 0, 0, 0, 0, 0
110058, True, True, True, True, -0.05474603, -0.003618271, 0.1, -0.4799658, -0.03172186, 0.8767135, 0, 0, 0, 0, 0, 0, 0, 0, 0, 0, 0, 0, 0, 0, 0, 0, 0, 0
110058, True, True, True, True, -0.05600455, -0.001101212, 0.1, -0.488611, -0.009607507, 0.8724488, 0, 0, 0, 0, 0, 0, 0, 0, 0, 0, 0, 0, 0, 0, 0, 0, 0, 0
110058, True, True, True, True, -0.05600455, -0.001101212, 0.1, -0.488611, -0.009607507, 0.8724488, 0, 0, 0, 0, 0, 0, 0, 0, 0, 0, 0, 0, 0, 0, 0, 0, 0, 0
110058, True, True, True, True, -0.05631918, 0.001101215, 0.1, -0.4906965, 0.009594641, 0.8712777, 0, 0, 0, 0, 0, 0, 0, 0, 0, 0, 0, 0, 0, 0, 0, 0, 0, 0
110058, True, True, True, True, -0.05631918, 0.001101215, 0.1, -0.4906965, 0.009594641, 0.8712777, 0, 0, 0, 0, 0, 0, 0, 0, 0, 0, 0, 0, 0, 0, 0, 0, 0, 0
110058, True, True, True, True, -0.05663382, 0.003932904, 0.1, -0.4925078, 0.03420193, 0.8696357, 0, 0, 0, 0, 0, 0, 0, 0, 0, 0, 0, 0, 0, 0, 0, 0, 0, 0
110058, True, True, True, True, -0.05694845, 0.005820697, 0.1, -0.494233, 0.05051553, 0.8678605, 0, 0, 0, 0, 0, 0, 0, 0, 0, 0, 0, 0, 0, 0, 0, 0, 0, 0
110058, True, True, True, True, -0.05694845, 0.005820697, 0.1, -0.494233, 0.05051553, 0.8678605, 0, 0, 0, 0, 0, 0, 0, 0, 0, 0, 0, 0, 0, 0, 0, 0, 0, 0
110058, True, True, True, True, -0.05694845, 0.007393857, 0.1, -0.4938466, 0.06411818, 0.8671819, 0, 0, 0, 0, 0, 0, 0, 0, 0, 0, 0, 0, 0, 0, 0, 0, 0, 0
110058, True, True, True, True, -0.05694845, 0.007393857, 0.1, -0.4938466, 0.06411818, 0.8671819, 0, 0, 0, 0, 0, 0, 0, 0, 0, 0, 0, 0, 0, 0, 0, 0, 0, 0
110058, True, True, True, True, -0.05694845, 0.00928165, 0.1, -0.4932631, 0.08039367, 0.8661572, 0, 0, 0, 0, 0, 0, 0, 0, 0, 0, 0, 0, 0, 0, 0, 0, 0, 0
110058, True, True, True, True, -0.05694845, 0.01054018, 0.1, -0.4928021, 0.09120921, 0.8653479, 0, 0, 0, 0, 0, 0, 0, 0, 0, 0, 0, 0, 0, 0, 0, 0, 0, 0
110058, True, True, True, True, -0.05694845, 0.01054018, 0.1, -0.4928021, 0.09120921, 0.8653479, 0, 0, 0, 0, 0, 0, 0, 0, 0, 0, 0, 0, 0, 0, 0, 0, 0, 0
110058, True, True, True, True, -0.05694845, 0.01148408, 0.1, -0.492419, 0.09929997, 0.8646752, 0, 0, 0, 0, 0, 0, 0, 0, 0, 0, 0, 0, 0, 0, 0, 0, 0, 0
110058, True, True, True, True, -0.05694845, 0.01148408, 0.1, -0.492419, 0.09929997, 0.8646752, 0, 0, 0, 0, 0, 0, 0, 0, 0, 0, 0, 0, 0, 0, 0, 0, 0, 0
110058, True, True, True, True, -0.05694845, 0.01242797, 0.1, -0.4920041, 0.107371, 0.8639464, 0, 0, 0, 0, 0, 0, 0, 0, 0, 0, 0, 0, 0, 0, 0, 0, 0, 0
110058, True, True, True, True, -0.05631918, 0.01337188, 0.1, -0.4874218, 0.1157287, 0.8654634, 0, 0, 0, 0, 0, 0, 0, 0, 0, 0, 0, 0, 0, 0, 0, 0, 0, 0
110058, True, True, True, True, -0.05631918, 0.01337188, 0.1, -0.4874218, 0.1157287, 0.8654634, 0, 0, 0, 0, 0, 0, 0, 0, 0, 0, 0, 0, 0, 0, 0, 0, 0, 0
110058, True, True, True, True, -0.05506065, 0.0146304, 0.1, -0.4784136, 0.1271213, 0.8688847, 0, 0, 0, 0, 0, 0, 0, 0, 0, 0, 0, 0, 0, 0, 0, 0, 0, 0
110058, True, True, True, True, -0.0544314, 0.01525967, 0.1, -0.4738429, 0.1328403, 0.8705322, 0, 0, 0, 0, 0, 0, 0, 0, 0, 0, 0, 0, 0, 0, 0, 0, 0, 0
110058, True, True, True, True, -0.0544314, 0.01525967, 0.1, -0.4738429, 0.1328403, 0.8705322, 0, 0, 0, 0, 0, 0, 0, 0, 0, 0, 0, 0, 0, 0, 0, 0, 0, 0
110058, True, True, True, True, -0.05317286, 0.01588893, 0.1, -0.4649319, 0.1389293, 0.8743781, 0, 0, 0, 0, 0, 0, 0, 0, 0, 0, 0, 0, 0, 0, 0, 0, 0, 0
110058, True, True, True, True, -0.05317286, 0.01588893, 0.1, -0.4649319, 0.1389293, 0.8743781, 0, 0, 0, 0, 0, 0, 0, 0, 0, 0, 0, 0, 0, 0, 0, 0, 0, 0
110058, True, True, True, True, -0.05128507, 0.01714746, 0.1, -0.4511171, 0.1508336, 0.8796265, 0, 0, 0, 0, 0, 0, 0, 0, 0, 0, 0, 0, 0, 0, 0, 0, 0, 0
110058, True, True, True, True, -0.04876801, 0.01809136, 0.1, -0.4326505, 0.1604994, 0.8871604, 0, 0, 0, 0, 0, 0, 0, 0, 0, 0, 0, 0, 0, 0, 0, 0, 0, 0
110058, True, True, True, True, -0.04876801, 0.01809136, 0.1, -0.4326505, 0.1604994, 0.8871604, 0, 0, 0, 0, 0, 0, 0, 0, 0, 0, 0, 0, 0, 0, 0, 0, 0, 0
110058, True, True, True, True, -0.04625095, 0.01872062, 0.1, -0.413853, 0.1675119, 0.8947991, 0, 0, 0, 0, 0, 0, 0, 0, 0, 0, 0, 0, 0, 0, 0, 0, 0, 0
110058, True, True, True, True, -0.04625095, 0.01872062, 0.1, -0.413853, 0.1675119, 0.8947991, 0, 0, 0, 0, 0, 0, 0, 0, 0, 0, 0, 0, 0, 0, 0, 0, 0, 0
110058, True, True, True, True, -0.04404853, 0.01903525, 0.1, -0.39713, 0.1716168, 0.9015738, 0, 0, 0, 0, 0, 0, 0, 0, 0, 0, 0, 0, 0, 0, 0, 0, 0, 0
110058, True, True, True, True, -0.04153146, 0.02029378, 0.1, -0.3769875, 0.1842098, 0.9077154, 0, 0, 0, 0, 0, 0, 0, 0, 0, 0, 0, 0, 0, 0, 0, 0, 0, 0
110058, True, True, True, True, -0.04153146, 0.02029378, 0.1, -0.3769875, 0.1842098, 0.9077154, 0, 0, 0, 0, 0, 0, 0, 0, 0, 0, 0, 0, 0, 0, 0, 0, 0, 0
110058, True, True, True, True, -0.03932904, 0.02029378, 0.1, -0.3596441, 0.1855763, 0.9144493, 0, 0, 0, 0, 0, 0, 0, 0, 0, 0, 0, 0, 0, 0, 0, 0, 0, 0
110058, True, True, True, True, -0.03712662, 0.02029378, 0.1, -0.3419199, 0.1868968, 0.9209563, 0, 0, 0, 0, 0, 0, 0, 0, 0, 0, 0, 0, 0, 0, 0, 0, 0, 0
110058, True, True, True, True, -0.03712662, 0.02029378, 0.1, -0.3419199, 0.1868968, 0.9209563, 0, 0, 0, 0, 0, 0, 0, 0, 0, 0, 0, 0, 0, 0, 0, 0, 0, 0
110058, True, True, True, True, -0.03523882, 0.02029378, 0.1, -0.3264308, 0.1879891, 0.9263385, 0, 0, 0, 0, 0, 0, 0, 0, 0, 0, 0, 0, 0, 0, 0, 0, 0, 0
110058, True, True, True, True, -0.03523882, 0.02029378, 0.1, -0.3264308, 0.1879891, 0.9263385, 0, 0, 0, 0, 0, 0, 0, 0, 0, 0, 0, 0, 0, 0, 0, 0, 0, 0
110058, True, True, True, True, -0.03366566, 0.02029378, 0.1, -0.3133185, 0.1888696, 0.9306771, 0, 0, 0, 0, 0, 0, 0, 0, 0, 0, 0, 0, 0, 0, 0, 0, 0, 0
110058, True, True, True, True, -0.03240713, 0.02029378, 0.1, -0.3026978, 0.1895534, 0.9340469, 0, 0, 0, 0, 0, 0, 0, 0, 0, 0, 0, 0, 0, 0, 0, 0, 0, 0
110058, True, True, True, True, -0.03240713, 0.02029378, 0.1, -0.3026978, 0.1895534, 0.9340469, 0, 0, 0, 0, 0, 0, 0, 0, 0, 0, 0, 0, 0, 0, 0, 0, 0, 0
110058, True, True, True, True, -0.03083397, 0.01966451, 0.1, -0.2895824, 0.1846826, 0.9391668, 0, 0, 0, 0, 0, 0, 0, 0, 0, 0, 0, 0, 0, 0, 0, 0, 0, 0
110058, True, True, True, True, -0.02989007, 0.01840599, 0.1, -0.2820296, 0.1736708, 0.943556, 0, 0, 0, 0, 0, 0, 0, 0, 0, 0, 0, 0, 0, 0, 0, 0, 0, 0
110058, True, True, True, True, -0.02989007, 0.01840599, 0.1, -0.2820296, 0.1736708, 0.943556, 0, 0, 0, 0, 0, 0, 0, 0, 0, 0, 0, 0, 0, 0, 0, 0, 0, 0
110059, True, True, True, True, -0.02800228, 0.01651819, 0.1, -0.2663024, 0.1570884, 0.9510028, 0, 0, 0, 0, 0, 0, 0, 0, 0, 0, 0, 0, 0, 0, 0, 0, 0, 0
110059, True, True, True, True, -0.02800228, 0.01651819, 0.1, -0.2663024, 0.1570884, 0.9510028, 0, 0, 0, 0, 0, 0, 0, 0, 0, 0, 0, 0, 0, 0, 0, 0, 0, 0
110059, True, True, True, True, -0.02705838, 0.01494503, 0.1, -0.2585149, 0.1427844, 0.9553967, 0, 0, 0, 0, 0, 0, 0, 0, 0, 0, 0, 0, 0, 0, 0, 0, 0, 0
110059, True, True, True, True, -0.02454132, 0.01148408, 0.1, -0.2368721, 0.110844, 0.965197, 0, 0, 0, 0, 0, 0, 0, 0, 0, 0, 0, 0, 0, 0, 0, 0, 0, 0
110059, True, True, True, True, -0.02454132, 0.01148408, 0.1, -0.2368721, 0.110844, 0.965197, 0, 0, 0, 0, 0, 0, 0, 0, 0, 0, 0, 0, 0, 0, 0, 0, 0, 0
110059, True, True, True, True, -0.02265353, 0.008337757, 0.1, -0.2202103, 0.08104961, 0.9720794, 0, 0, 0, 0, 0, 0, 0, 0, 0, 0, 0, 0, 0, 0, 0, 0, 0, 0
110059, True, True, True, True, -0.02108037, 0.005506061, 0.1, -0.2059716, 0.05379852, 0.977078, 0, 0, 0, 0, 0, 0, 0, 0, 0, 0, 0, 0, 0, 0, 0, 0, 0, 0
110059, True, True, True, True, -0.02108037, 0.005506061, 0.1, -0.2059716, 0.05379852, 0.977078, 0, 0, 0, 0, 0, 0, 0, 0, 0, 0, 0, 0, 0, 0, 0, 0, 0, 0
110059, True, True, True, True, -0.0195072, 0.002674374, 0.1, -0.1913972, 0.02623993, 0.9811619, 0, 0, 0, 0, 0, 0, 0, 0, 0, 0, 0, 0, 0, 0, 0, 0, 0, 0
110059, True, True, True, True, -0.01856331, 0.0001573145, 0.1, -0.1825148, 0.001546719, 0.9832019, 0, 0, 0, 0, 0, 0, 0, 0, 0, 0, 0, 0, 0, 0, 0, 0, 0, 0
110059, True, True, True, True, -0.01856331, 0.0001573145, 0.1, -0.1825148, 0.001546719, 0.9832019, 0, 0, 0, 0, 0, 0, 0, 0, 0, 0, 0, 0, 0, 0, 0, 0, 0, 0
110059, True, True, True, True, -0.01699014, -0.002045109, 0.1, -0.167467, -0.02015806, 0.9856715, 0, 0, 0, 0, 0, 0, 0, 0, 0, 0, 0, 0, 0, 0, 0, 0, 0, 0
110059, True, True, True, True, -0.01699014, -0.002045109, 0.1, -0.167467, -0.02015806, 0.9856715, 0, 0, 0, 0, 0, 0, 0, 0, 0, 0, 0, 0, 0, 0, 0, 0, 0, 0
110059, True, True, True, True, -0.01573162, -0.004562168, 0.1, -0.1552474, -0.04502172, 0.9868492, 0, 0, 0, 0, 0, 0, 0, 0, 0, 0, 0, 0, 0, 0, 0, 0, 0, 0
110059, True, True, True, True, -0.01447309, -0.007079227, 0.1, -0.1428882, -0.06989095, 0.9872681, 0, 0, 0, 0, 0, 0, 0, 0, 0, 0, 0, 0, 0, 0, 0, 0, 0, 0
110059, True, True, True, True, -0.01447309, -0.007079227, 0.1, -0.1428882, -0.06989095, 0.9872681, 0, 0, 0, 0, 0, 0, 0, 0, 0, 0, 0, 0, 0, 0, 0, 0, 0, 0
110059, True, True, True, True, -0.01352919, -0.008337757, 0.1, -0.1336151, -0.08234421, 0.9876064, 0, 0, 0, 0, 0, 0, 0, 0, 0, 0, 0, 0, 0, 0, 0, 0, 0, 0
110059, True, True, True, True, -0.01227066, -0.009910919, 0.1, -0.121208, -0.09789883, 0.9877876, 0, 0, 0, 0, 0, 0, 0, 0, 0, 0, 0, 0, 0, 0, 0, 0, 0, 0
